customer_id,first_name,last_name,email,address
01JGFSWD1AV0858F0Z22P0V3VN,Bettine,Waterhowse,bwaterhowse0@infoseek.co.jp,459 Lawn Junction
01JGFSWD1BSM9NJTM380QGWGA4,Robby,Dwelling,rdwelling1@shop-pro.jp,93533 Maywood Lane
01JGFSWD1BKW3Z2N55HT4DDA03,Kanya,Cramp,kcramp2@arizona.edu,85 Rigney Avenue
01JGFSWD1C7SEG3HV8CAJ3MY5H,Genevieve,Loads,gloads3@blogspot.com,98 Transport Parkway
01JGFSWD1DMN1AE6XRN1BFENEW,Yalonda,Lergan,ylergan4@opensource.org,804 Moose Pass
01JGFSWD1DPMAPDR4JEANF6WR6,Tarrance,Burdoun,tburdoun5@netvibes.com,16689 Daystar Avenue
01JGFSWD1E4QV53MT1PR7NDGA4,Lauren,Meynell,lmeynell6@biglobe.ne.jp,66711 Pine View Alley
01JGFSWD1FAMZYQN9S4YBDCYW1,Vassily,Danev,vdanev7@ustream.tv,56 Lotheville Road
01JGFSWD1FJXJT9BE72YZZYXA1,Yanaton,Polglase,ypolglase8@dedecms.com,11 Dahle Crossing
01JGFSWD1GCS0KVKDHWRG0D8EW,Yard,Gaize,ygaize9@eepurl.com,35663 Haas Hill
01JGFSWD1G7YG9Y9VEHGPFER68,Troy,Sonier,tsoniera@wsj.com,48 Sachtjen Lane
01JGFSWD1HR4W714E2BV6AVPEK,Cybil,Kilgallen,ckilgallenb@eepurl.com,567 Longview Park
01JGFSWD1HFPTE7SX6XP23WKKV,Martguerita,Doxsey,mdoxseyc@google.de,956 Schmedeman Park
01JGFSWD1J6C5CS1Y8EPMY04QW,Ogdan,MacKowle,omackowled@xing.com,86 Delaware Way
01JGFSWD1J8TJY8WTQMRJ653MC,Maje,Allerton,mallertone@vistaprint.com,7 Roth Alley
01JGFSWD1K7YQ73AG21NC6SNJC,Saraann,Ornelas,sornelasf@salon.com,453 Charing Cross Crossing
01JGFSWD1K0ZHNV7AJFJVS39YQ,My,Prestland,mprestlandg@census.gov,53 Crowley Pass
01JGFSWD1MN0CP5JRH80QZZRSP,Base,Teresa,bteresah@51.la,24731 Calypso Circle
01JGFSWD1ME82VJBVXQ21YA8TJ,Georgeta,Prestedge,gprestedgei@mysql.com,5 Upham Way
01JGFSWD1NB13D98ZHSCCKMMK0,Estevan,Laroux,elarouxj@networkadvertising.org,6 Crowley Plaza
01JGFSWD1NJX9NKJ43PB4E6ED4,Cornelle,Lyptratt,clyptrattk@home.pl,0539 Prentice Circle
01JGFSWD1PDQESE5ZVHWJ4MMVV,Leora,Riddick,lriddickl@java.com,5755 John Wall Junction
01JGFSWD1PKPV367DEM5XAJN1C,Zechariah,Camolli,zcamollim@europa.eu,058 Marcy Point
01JGFSWD1QGNYYTRP1BTDBT29A,Astrix,Passfield,apassfieldn@seesaa.net,280 Redwing Trail
01JGFSWD1Q83A83MZ5PBRFMGTM,Timothy,Caldero,tcalderoo@discuz.net,0 Corscot Place
01JGFSWD1RVE65FCM6B1X0077K,Mel,Fadell,mfadellp@parallels.com,930 Harper Alley
01JGFSWD1RDP5T72XBVFYXP7N6,Tarrah,Cowing,tcowingq@meetup.com,37623 Straubel Hill
01JGFSWD1SGN8ACP0XPP9YW9WV,Charmain,Sydall,csydallr@statcounter.com,60 Vera Park
01JGFSWD1SXFWMSWT6CRSPKWSB,Nonna,O'Cullen,nocullens@accuweather.com,64 Springs Avenue
01JGFSWD1T1VWH5JX0K9A6DFH3,Pyotr,Ebbrell,pebbrellt@blogger.com,9883 Dorton Way
01JGFSWD1T0DMRGDXG5FH5SSWG,Evelyn,Ducrow,educrowu@miitbeian.gov.cn,78263 Reindahl Lane
01JGFSWD1V02WBXW5DRH5AE0D4,Skippie,Gaukrodge,sgaukrodgev@cdbaby.com,9 Stephen Crossing
01JGFSWD1VB5PD71CKKMQH6HPH,Conant,Carragher,ccarragherw@alexa.com,82 Red Cloud Road
01JGFSWD1WN9PFWEXQZ2HBBB18,Cortie,Hanbidge,chanbidgex@soundcloud.com,605 Oak Parkway
01JGFSWD1XABKA4G0ACZR4K1VC,Curtice,Bidgod,cbidgody@businessinsider.com,59051 Schlimgen Drive
01JGFSWD1YF4QSY90SVFF74HZ1,Boote,Burton,bburtonz@uiuc.edu,439 Glacier Hill Lane
01JGFSWD1ZJHCSXM84HNNG7GBJ,Willis,Brunon,wbrunon10@amazon.com,6402 Buell Plaza
01JGFSWD1Z99CFZZQWE9KM3TB8,Amelita,MacNeachtain,amacneachtain11@deliciousdays.com,4208 Claremont Park
01JGFSWD20ABX2CYKEYYZ8QRJP,Karilynn,Schuck,kschuck12@unicef.org,3254 Hauk Pass
01JGFSWD20F5VYQ0H8PMQRZJCA,Rosanne,Orniz,rorniz13@princeton.edu,4 Steensland Street
01JGFSWD215SWH754QQ84FFZDG,Federico,Ranner,franner14@latimes.com,7 Kingsford Place
01JGFSWD21XAJV1WMZN7ESEZJJ,Ariana,Lortz,alortz15@nbcnews.com,258 Sunfield Center
01JGFSWD22FHQW7965XGGAD3NG,Valry,Buye,vbuye16@sina.com.cn,01 Main Drive
01JGFSWD22SCW8HJYAB1YNJBD0,Izak,Longcaster,ilongcaster17@nymag.com,2249 Leroy Street
01JGFSWD23DNHDMRHP5T2DVGMZ,Faber,Lemoir,flemoir18@netlog.com,07 Burning Wood Parkway
01JGFSWD23A7XZGKQGJGHA10HP,Padraic,Sherwood,psherwood19@trellian.com,0936 Marcy Way
01JGFSWD24RRP37J28E5ENAH7Q,Julius,Tregidgo,jtregidgo1a@oaic.gov.au,24267 Kenwood Drive
01JGFSWD24PZFPGF27JC41VWQZ,Payton,Jeandel,pjeandel1b@privacy.gov.au,814 Maryland Pass
01JGFSWD25NC6XGYD4NK8ZPDKM,Sandy,Skylett,sskylett1c@ezinearticles.com,9086 Barnett Pass
01JGFSWD25XDKRVH6W3DCFAB71,Selle,Terlinden,sterlinden1d@youtu.be,609 Fieldstone Parkway
01JGFSWD26VT191YM6RQA2FR2W,Rafa,Whiteman,rwhiteman1e@answers.com,08049 Cordelia Alley
01JGFSWD26J9EVBHJT7BT0RNV2,Molly,Beswell,mbeswell1f@1688.com,93061 Roxbury Circle
01JGFSWD27KWCM6Q51J90A9BM5,Rhys,Rihanek,rrihanek1g@slideshare.net,1 American Ash Lane
01JGFSWD276EGBA4NFK25TVV9Q,Tommy,Meagh,tmeagh1h@networksolutions.com,5700 Doe Crossing Junction
01JGFSWD28218TKJKZJQRASNMS,Ricky,Ganderton,rganderton1i@forbes.com,8 Homewood Junction
01JGFSWD29X4AYBX7T2AJ4KS0W,Maddie,Rowland,mrowland1j@scribd.com,594 Weeping Birch Alley
01JGFSWD2A9VAH7743BENCR17J,Darbie,Veldens,dveldens1k@engadget.com,21 Arkansas Point
01JGFSWD2ATM87R40HAX3Y4K90,Arlee,MacLennan,amaclennan1l@wikispaces.com,3 Maple Avenue
01JGFSWD2BY4YPMVWCDN86V49E,Wynne,Savaage,wsavaage1m@abc.net.au,07 Barby Way
01JGFSWD2BE9C5N17840TZ86SQ,Celisse,Flucks,cflucks1n@mashable.com,044 Fuller Parkway
01JGFSWD2C9THWYFGVEGR4SCX9,Lucien,Piscotti,lpiscotti1o@columbia.edu,3318 Jana Junction
01JGFSWD2DT8G7CTJRK978NB4Y,Maurita,Loggie,mloggie1p@xinhuanet.com,95 Golf View Circle
01JGFSWD2EZQBVBQNYBB9T6WV1,Nicolle,Moralas,nmoralas1q@merriam-webster.com,5488 Randy Park
01JGFSWD2ED23Y68V50PRQDP3M,Lynett,Gibbens,lgibbens1r@columbia.edu,94479 Spaight Park
01JGFSWD2FSM71QB69ECTRZDYN,Matty,Packwood,mpackwood1s@google.ru,7353 Hagan Alley
01JGFSWD2FQBT64YBKGYGXY06B,Flory,Stiffell,fstiffell1t@123-reg.co.uk,37 Packers Center
01JGFSWD2GJTX80R35XT0XEWZN,Barnaby,Bamling,bbamling1u@usatoday.com,3685 Blackbird Crossing
01JGFSWD2GCEVAWCQZBXJD29VX,Koral,Searle,ksearle1v@craigslist.org,78 Westerfield Circle
01JGFSWD2HEFT3CXFF57R0JD0P,Ara,Walkden,awalkden1w@xing.com,612 Oneill Trail
01JGFSWD2HVXV7QBQJ5VXQVXRV,Monti,Beek,mbeek1x@wordpress.com,6 Melrose Parkway
01JGFSWD2JM7AM4Z14N60SJE8E,Gena,Kynge,gkynge1y@trellian.com,5950 David Avenue
01JGFSWD2K6CWM3KQ9WRW7ZNGD,Flossy,Huff,fhuff1z@mapy.cz,969 Dahle Trail
01JGFSWD2K6GBHQC2NGV4MD4SY,Rickard,Louis,rlouis20@arizona.edu,70797 Macpherson Drive
01JGFSWD2M4XXW1FFRFVTB8Z2B,Rachele,Skep,rskep21@ihg.com,7349 Moose Way
01JGFSWD2MXTTA0BTYRACHXGVD,Marijo,Gilhoolie,mgilhoolie22@hexun.com,4 American Junction
01JGFSWD2NKV7MTPKBZTZPZVR7,Lynsey,Marion,lmarion23@multiply.com,89 Steensland Park
01JGFSWD2PP5KJ2PZW1E343879,Jenny,Sheryn,jsheryn24@edublogs.org,15129 Fuller Parkway
01JGFSWD2PR8CSX1NRSJA2EG0M,Aurelia,Spearman,aspearman25@com.com,65021 Del Sol Place
01JGFSWD2QWWD8M32AHFFBMNMV,Kerrill,Gallon,kgallon26@ifeng.com,211 Katie Circle
01JGFSWD2QBKH8F4WMN9DJ3F9J,Georgena,Libby,glibby27@nasa.gov,384 Beilfuss Place
01JGFSWD2RV6PRQQXDMJX659E0,Garry,Milham,gmilham28@geocities.com,9906 Walton Court
01JGFSWD2RA6ZAS6BDZ8ESNK94,Lauretta,Rodden,lrodden29@admin.ch,039 Lakewood Plaza
01JGFSWD2S60AVB160Q5SR9KK8,Margaretta,Crow,mcrow2a@cocolog-nifty.com,8660 Portage Alley
01JGFSWD2SDC60J3BESEA98RH9,Norah,Pina,npina2b@salon.com,82407 North Park
01JGFSWD2TFVDWXBYX1N2G6Y41,Malinda,Jochens,mjochens2c@cmu.edu,8 Buena Vista Crossing
01JGFSWD2V7MQ2JKWQY0DJ0RMA,Jeanne,Wood,jwood2d@vkontakte.ru,6 Hayes Crossing
01JGFSWD2V2EE78N12P03X51M8,Parker,Freed,pfreed2e@aol.com,006 Center Lane
01JGFSWD2WGXRPD5JWZSC7DRV2,Oralla,Ruf,oruf2f@t.co,395 Calypso Place
01JGFSWD2WR5X0W3BQ7TAGRJKA,Yard,Lazenby,ylazenby2g@google.cn,2541 Marcy Parkway
01JGFSWD2XJMXXCQNPRJRJNWME,Nariko,Battell,nbattell2h@timesonline.co.uk,10765 Novick Alley
01JGFSWD2Y7M8AZ9DQQJBTRJ45,Cece,Hollyer,chollyer2i@angelfire.com,8 Bay Parkway
01JGFSWD2Y1EG6M60H3WMPGEX5,Daven,Farmery,dfarmery2j@weebly.com,99 School Center
01JGFSWD2ZC62EKZ33P0W2WMKF,Sam,Warsop,swarsop2k@vimeo.com,3192 Esker Terrace
01JGFSWD2Z3PVHJ4N2GHRD0F43,Patrica,Becconsall,pbecconsall2l@wired.com,4 Scoville Plaza
01JGFSWD308V4YYMMYKNR14C9G,Eolande,Balshen,ebalshen2m@quantcast.com,6 Dunning Point
01JGFSWD30E6KV2FFR53X9WBK3,Justus,Tender,jtender2n@mac.com,7 Lerdahl Court
01JGFSWD30AG09ECD3HE6XQ8B8,Matelda,Piddington,mpiddington2o@sphinn.com,921 Rigney Crossing
01JGFSWD31SD9TH9KE78R7VGS9,Bryant,Wilks,bwilks2p@wp.com,94275 Thompson Lane
01JGFSWD31A725TSENYYMN6QSD,Ryan,Paulo,rpaulo2q@yahoo.co.jp,27 Carpenter Court
01JGFSWD32AF6Y14J46037P1PX,Chad,Fonteyne,cfonteyne2r@behance.net,73 Esker Junction
01JGFSWD33XPDKQM87G9CA3NNY,Cristin,Haquard,chaquard2s@hao123.com,02 Waxwing Avenue
01JGFSWD33CTAQY19QGGJY7HBB,Roarke,Craisford,rcraisford2t@army.mil,47 Knutson Parkway
01JGFSWD3445DZ813AZA8S6EPE,Gleda,Burburough,gburburough2u@addtoany.com,71935 Sachtjen Hill
01JGFSWD34V0WWXMM7TXDZ3PEM,Robinetta,Cressor,rcressor2v@mozilla.com,668 Red Cloud Park
01JGFSWD35NQ3F0N2W4J46NKYT,Carlos,Winsor,cwinsor2w@kickstarter.com,17 Heffernan Parkway
01JGFSWD35F37W1VJDPHET8Z1E,Rickie,Neames,rneames2x@si.edu,42404 Fairfield Avenue
01JGFSWD36PTAFF4D25X1VC5P7,Allix,Costar,acostar2y@va.gov,46 American Ash Pass
01JGFSWD3660NZ3AENV38VR7KT,Klement,Franzonello,kfranzonello2z@cloudflare.com,70 Waxwing Park
01JGFSWD37QFBDYCWP4F7SZKJ2,Mead,Lighterness,mlighterness30@bing.com,4 Dorton Crossing
01JGFSWD384CF6W41CX0WFSGHN,Latisha,Chevis,lchevis31@cargocollective.com,52 Clyde Gallagher Plaza
01JGFSWD38633SD1Y1CJZSDZRB,Harriot,Spellar,hspellar32@shareasale.com,77858 Shelley Hill
01JGFSWD39D6CM5TF1DA7X9DAR,Valeda,Vaun,vvaun33@seattletimes.com,5636 Dixon Lane
01JGFSWD392JWMPGM2AJQRG3S2,Saba,Gierok,sgierok34@vimeo.com,7905 Trailsway Pass
01JGFSWD3AK1SFSVZ1DZC3GZ4B,Debbi,Rittmeier,drittmeier35@netscape.com,882 John Wall Place
01JGFSWD3BNQFHZ6AKBZ87R2PW,Jo ann,Sainz,jsainz36@51.la,55351 Raven Point
01JGFSWD3B7HFQ87BFZQG6Q2MF,Minny,Whittington,mwhittington37@booking.com,544 Golden Leaf Drive
01JGFSWD3CHVQWD6025PXSNG15,Kassi,Sails,ksails38@newsvine.com,55394 Cordelia Parkway
01JGFSWD3CYWYHDFP3N891EKS1,Harmonia,Lemarie,hlemarie39@upenn.edu,12 Emmet Plaza
01JGFSWD3DGV2DWBNBSZ04KQSW,Lanae,Beaten,lbeaten3a@indiegogo.com,6 Moulton Park
01JGFSWD3DQC7K9G21KZGY0G8V,Friedrich,Bukac,fbukac3b@globo.com,112 Anzinger Point
01JGFSWD3E3ZH2ME5SDSDZCE2W,Kaleena,Smitton,ksmitton3c@weebly.com,400 Hollow Ridge Way
01JGFSWD3EE8BVH25BE6EYQYGM,Meredith,Moody,mmoody3d@un.org,664 Caliangt Drive
01JGFSWD3FBK22YRBH4VHYV08S,Maudie,Braham,mbraham3e@nbcnews.com,0580 Fieldstone Junction
01JGFSWD3FX7HDD2J9QEPWPE19,Katusha,Wilhelmy,kwilhelmy3f@nifty.com,64 Daystar Hill
01JGFSWD3F2J6D6D57S09DXJJC,Demetri,Malan,dmalan3g@altervista.org,006 Service Place
01JGFSWD3GSZGT8XDR2WHSKG6E,Hi,Kingscott,hkingscott3h@discuz.net,551 Packers Way
01JGFSWD3G6BWED3MX76S25A0S,Innis,Isaacson,iisaacson3i@live.com,76163 Blackbird Court
01JGFSWD3H1NEM5NTWCC4D7YX5,Margot,Scrooby,mscrooby3j@sciencedaily.com,883 Coleman Pass
01JGFSWD3J8K18N2M4YY8PKX8V,Caril,Statham,cstatham3k@princeton.edu,57977 Del Sol Point
01JGFSWD3J1EKN8RJ6BYDMK2JJ,Nanon,Kuhn,nkuhn3l@soup.io,95 Butterfield Avenue
01JGFSWD3KNA86NM8GE25ACV74,Weylin,Meni,wmeni3m@phoca.cz,10 Messerschmidt Hill
01JGFSWD3K3N8WXD7P8NN65TVP,Greg,Tomaskunas,gtomaskunas3n@phpbb.com,21 Hauk Parkway
01JGFSWD3MZTYSWWCN9EP48FNR,Sharon,Pettko,spettko3o@google.co.jp,30 2nd Avenue
01JGFSWD3MWHD3T5PE9VXHWZXZ,Vida,Wetherburn,vwetherburn3p@clickbank.net,0 Forster Point
01JGFSWD3NV7QH8H5D99JD7VK5,Joellyn,Poyzer,jpoyzer3q@bandcamp.com,1 West Terrace
01JGFSWD3PSXX13DQ6JP9M4DWW,Caressa,Furlong,cfurlong3r@hubpages.com,3906 Thompson Court
01JGFSWD3QKBSEGRZGTEP7HPPP,Elinore,Randals,erandals3s@histats.com,09 Valley Edge Place
01JGFSWD3QGNAZ42APPPX7ZPWT,Paolo,Whitehouse,pwhitehouse3t@google.com.au,230 Hansons Plaza
01JGFSWD3RRF52V41QMYJNS6XN,Sherman,Doggart,sdoggart3u@independent.co.uk,05 Pennsylvania Avenue
01JGFSWD3SRTJHDJCHFABPCHM5,Nalani,Muff,nmuff3v@infoseek.co.jp,04038 Algoma Street
01JGFSWD3S54Q55DPJKCKEPE24,Diena,Paolo,dpaolo3w@addthis.com,612 Upham Avenue
01JGFSWD3TY1YMVJDZ48ZK5WHE,Con,Sutton,csutton3x@epa.gov,5 Blue Bill Park Pass
01JGFSWD3TN10G6AX1WDJ630KE,Kimberlyn,Mc Carroll,kmccarroll3y@yahoo.com,71152 Southridge Point
01JGFSWD3V1PMXK2NCFM5ME51G,Frederick,Sutehall,fsutehall3z@discovery.com,55 Lerdahl Center
01JGFSWD3V7FFG765GS7HW6270,Ronnie,Artin,rartin40@tinyurl.com,2002 Grover Point
01JGFSWD3WSJW2M4PV7KD4ZJFP,Roderich,McAreavey,rmcareavey41@wufoo.com,57550 Macpherson Junction
01JGFSWD3WEZH6QDPYAMW9DWW5,Nial,Yitshak,nyitshak42@ft.com,119 Shasta Lane
01JGFSWD3XVJYNQ53RFV0N160C,Pierrette,Asif,pasif43@woothemes.com,14809 Mockingbird Junction
01JGFSWD3X1DX3HRB9T64KRWN1,Gardner,Beswell,gbeswell44@deliciousdays.com,82487 Twin Pines Trail
01JGFSWD46PTS3RN8Q8BTPHBA5,Gloriana,Harbottle,gharbottle45@theguardian.com,90 Fairfield Circle
01JGFSWD47623ESFCCT3K4SD11,Herc,Magson,hmagson46@fastcompany.com,036 Dahle Trail
01JGFSWD47PE3JNRBJNFAPKQ18,Clarke,Jedryka,cjedryka47@jiathis.com,8892 Packers Street
01JGFSWD48P061S2Z727MNGHED,Isadore,Wreakes,iwreakes48@indiegogo.com,17456 Artisan Trail
01JGFSWD48HRY8BT8CFK6J0TVN,Jeremias,McKimmie,jmckimmie49@businessinsider.com,48 Esker Center
01JGFSWD49FNAEP0SKQC4R1066,Stevana,Slocombe,sslocombe4a@wordpress.org,5086 Fieldstone Alley
01JGFSWD495Z19DN59YSK02G5X,Vita,Mullett,vmullett4b@nytimes.com,4328 Lukken Terrace
01JGFSWD4AW1Y40T5196HVJ59X,Trina,Jagels,tjagels4c@wikispaces.com,3 Memorial Drive
01JGFSWD4AXAGV38A9EGAEFD1N,Isabel,Corran,icorran4d@amazon.co.jp,1888 Brickson Park Avenue
01JGFSWD4B35WQ866WBFXK1STS,Sherlock,Bencher,sbencher4e@miitbeian.gov.cn,311 Becker Street
01JGFSWD4B2QM0FEH4STYXAH89,Rhetta,Rayne,rrayne4f@umn.edu,1423 Washington Crossing
01JGFSWD4C7M91TJCVJS10XA3Y,Sherilyn,Woollons,swoollons4g@who.int,51 Longview Avenue
01JGFSWD4C1VRMY61GH96ZZRGC,Winonah,Arkow,warkow4h@uiuc.edu,9 2nd Point
01JGFSWD4DAYBAW1KH3GYRGJEH,Tad,Prall,tprall4i@un.org,579 Thackeray Pass
01JGFSWD4DX3A8T8CC6T3TEM2E,Dugald,Stanger,dstanger4j@bluehost.com,949 Shoshone Crossing
01JGFSWD4E6VF66DCWXP1937DP,Rurik,Beaufoy,rbeaufoy4k@cafepress.com,4413 Maple Street
01JGFSWD4EHRBQ794ZTN9PVF0J,Leora,Wibberley,lwibberley4l@cnet.com,677 Forest Pass
01JGFSWD4FV5ZWCM2KJGG41JCW,Peg,Shurlock,pshurlock4m@creativecommons.org,5829 Buena Vista Plaza
01JGFSWD4F9N5QY569AR9KDP3B,Auberon,Gookes,agookes4n@cdc.gov,48 Burning Wood Junction
01JGFSWD4GGC9WSK5VATXDXD9F,Ludovico,Bickersteth,lbickersteth4o@ox.ac.uk,41 Lake View Pass
01JGFSWD4GWBENFMWH855HHFZT,Cobb,Windless,cwindless4p@hud.gov,002 Bluejay Alley
01JGFSWD4HT9DTSHD0TPB1K3QQ,Donielle,Guppie,dguppie4q@webnode.com,5 Oxford Center
01JGFSWD4H3TQNRZ3CBAPZHZM5,Ashleigh,Bentham3,abentham4r@aboutads.info,0 Parkside Lane
01JGFSWD4J5ECNKGWATRK8Z9MJ,Nahum,Koppes,nkoppes4s@hud.gov,123 Debs Center
01JGFSWD4JWKQ820BB6A56KTYW,Erma,Jirsa,ejirsa4t@arstechnica.com,326 Heffernan Crossing
01JGFSWD4KGG24MQS357K4C88Q,Winifield,Osipenko,wosipenko4u@a8.net,2 Glacier Hill Trail
01JGFSWD4MVW4MWCC072GTD8AK,Rickard,Keitley,rkeitley4v@linkedin.com,9326 La Follette Terrace
01JGFSWD4MS7K6QABTE8J4XFHB,Rudie,Davern,rdavern4w@technorati.com,06 Linden Center
01JGFSWD4NCMBW3CCXG2ABFJ3P,Holly-anne,Baudinot,hbaudinot4x@printfriendly.com,26 Union Point
01JGFSWD4N0P43QQSE7BB59T2X,Maxie,Pawley,mpawley4y@examiner.com,7913 Dahle Plaza
01JGFSWD4P0SHYRQA3PV7GS9B7,Nerita,Hatchette,nhatchette4z@npr.org,3326 Sunnyside Place
01JGFSWD4Q40323BHZRCM4HCDC,Wendye,Waszczyk,wwaszczyk50@yandex.ru,1173 Vernon Drive
01JGFSWD4QXB9Y4WKBD99WE4HE,Dukie,Stacey,dstacey51@answers.com,43 Gina Crossing
01JGFSWD4R58JJ3TT1VK3KRF7E,Carlyn,Halahan,chalahan52@qq.com,78866 Sachs Alley
01JGFSWD4R6NDS74S7J99HH3XP,Sandra,Echallie,sechallie53@pinterest.com,37914 Marquette Center
01JGFSWD4SMTFDTES5VV28FB32,Tomlin,Damiral,tdamiral54@reddit.com,923 Summit Center
01JGFSWD4S9W2GWBNPHDKWYVVX,Brennen,Strauss,bstrauss55@miitbeian.gov.cn,335 Rusk Alley
01JGFSWD4TP6S4P3Z9V4KPXSQ0,Elisabet,Tinner,etinner56@altervista.org,9420 Continental Circle
01JGFSWD4TCDGR17GJ9NH4KZCN,Benedict,Blankau,bblankau57@unc.edu,0442 Drewry Hill
01JGFSWD4VS1HHR1TJFA2MCM4R,Carine,Sunley,csunley58@zimbio.com,2 Center Crossing
01JGFSWD4V2CQVQF1B0G0R1HAN,Vince,Youdell,vyoudell59@altervista.org,50770 Jay Center
01JGFSWD4WM5SVH2M8SBFZ0YEZ,Bendick,Rubin,brubin5a@youku.com,2180 Gale Way
01JGFSWD4W485QT21Z5QMXP6E8,Drusy,Mirralls,dmirralls5b@smh.com.au,8 Warbler Crossing
01JGFSWD4XTHK8H716N40QZ03W,Danika,Klausewitz,dklausewitz5c@mail.ru,2517 Parkside Pass
01JGFSWD4XN546M7HHPMT5T82Z,Deloris,Tawse,dtawse5d@hud.gov,571 Trailsway Center
01JGFSWD4Y0M2J5RGTTWP72E4X,Lira,Fyers,lfyers5e@gizmodo.com,57110 Summer Ridge Avenue
01JGFSWD4Z2G353JVFE5CBKDQ8,Loree,Espinheira,lespinheira5f@typepad.com,64553 Bayside Crossing
01JGFSWD4ZXDM5ETB97S2M53EH,Leland,Humberston,lhumberston5g@shutterfly.com,21761 Harbort Center
01JGFSWD50KNDN6R8YKDFMA4MK,Gregoire,Nelson,gnelson5h@baidu.com,80 Carioca Drive
01JGFSWD50GSQQTWH41WWSR3Z5,Priscilla,Bayless,pbayless5i@i2i.jp,1445 Duke Plaza
01JGFSWD51CN9TC3MS2H7G8GQ3,Korney,Pioli,kpioli5j@dailymail.co.uk,52333 Buell Circle
01JGFSWD51JDXZSTHEEW9BTMDY,Tarra,Toffanelli,ttoffanelli5k@reference.com,61 Ronald Regan Hill
01JGFSWD5288TZZ9M3X68T4KDZ,Udale,Ringham,uringham5l@virginia.edu,979 Thackeray Center
01JGFSWD52Q5SSKNWC0NFNZ04N,Kinny,Shenfisch,kshenfisch5m@t-online.de,27 Porter Junction
01JGFSWD53DF72824XMW7Y4HY7,Jarad,Whiff,jwhiff5n@bloomberg.com,85649 Pierstorff Terrace
01JGFSWD542H8ZMCZEM4TDX44T,Cordie,Selburn,cselburn5o@nytimes.com,218 Carpenter Parkway
01JGFSWD546JZQTQHP7BDAHQCM,Carey,Etienne,cetienne5p@loc.gov,765 Beilfuss Circle
01JGFSWD55BXHQ6W3EX8MKZKXE,Roseann,Weekes,rweekes5q@hexun.com,64512 School Way
01JGFSWD561KZ0PD3QJPM6P9CX,Julina,Conklin,jconklin5r@si.edu,7413 Nelson Avenue
01JGFSWD577XGXCTP8S6PJ9CDT,Gabriellia,Reffe,greffe5s@google.cn,068 Del Sol Hill
01JGFSWD5895B5F1H267M6C1K2,Lemmie,Longforth,llongforth5t@scribd.com,85637 Jana Plaza
01JGFSWD58KNWVWJZKXSB9XRX9,Kalindi,Tenny,ktenny5u@cocolog-nifty.com,5935 Packers Parkway
01JGFSWD595KVJSG0X8HJ2RR9T,Myrta,Skeermor,mskeermor5v@symantec.com,262 Knutson Lane
01JGFSWD59W8BSR1DKR43MY2WF,Brynna,Folkerd,bfolkerd5w@issuu.com,64 Annamark Way
01JGFSWD5ABFA3A1E6FVGWJ9VP,Micheil,Kamiyama,mkamiyama5x@nih.gov,88444 Anniversary Lane
01JGFSWD5BPEFZKMMW96NKV9MS,Timothy,Garside,tgarside5y@google.com,17157 Victoria Avenue
01JGFSWD5B8QKNXFSR6QMMNGE5,Sullivan,Galton,sgalton5z@telegraph.co.uk,689 Carey Place
01JGFSWD5C564X5TG42G1WSSX4,Natalee,Stihl,nstihl60@indiatimes.com,2557 Mayfield Way
01JGFSWD5CXQ0J2N2VE4JEH11T,Joane,Bree,jbree61@omniture.com,40 Ilene Avenue
01JGFSWD5D4HCSX0CT0VMNZ4RZ,Maribeth,Ivanusyev,mivanusyev62@tiny.cc,37988 Orin Road
01JGFSWD5DD3Z1CYWZ6HE3BXYE,Stephi,Donaway,sdonaway63@cisco.com,901 Cherokee Drive
01JGFSWD5EEY4PXX0NTSA4GV0Y,Maxy,Briance,mbriance64@ucoz.com,12 Blackbird Circle
01JGFSWD5E41CNNZGX5FS5AA16,Jody,McIlherran,jmcilherran65@t.co,08 Scofield Road
01JGFSWD5FDXCTA9ST5REE3B8R,Alexandro,Farfalameev,afarfalameev66@edublogs.org,717 Kensington Court
01JGFSWD5FQ8R9TFPV0T1QPXST,Vitia,McCumskay,vmccumskay67@gnu.org,4591 2nd Center
01JGFSWD5GZ1HHYDBCHQA5QZ9E,Nikkie,Windows,nwindows68@is.gd,53854 Oak Plaza
01JGFSWD5GSGFB6GWKNEPF5J56,Reg,Gimbart,rgimbart69@thetimes.co.uk,52 Lillian Terrace
01JGFSWD5HAR3BZ88TG7Y5CJ5N,Amble,Tame,atame6a@cbc.ca,85 Toban Hill
01JGFSWD5HB6A60WY8Q20SPZ09,Dorene,Shee,dshee6b@sohu.com,78839 Hagan Park
01JGFSWD5JFZSNEPTXX0BAYF1Q,Demetri,Wimlet,dwimlet6c@friendfeed.com,9 Northwestern Parkway
01JGFSWD5J915H54SWKVR0G0J9,Eba,Zoppie,ezoppie6d@lulu.com,72316 Garrison Pass
01JGFSWD5KGXEETMAHZTH43PE6,Benedick,Ughelli,bughelli6e@globo.com,3 Crest Line Terrace
01JGFSWD5KX5FD35GTX0N0J23W,Cassi,Bellworthy,cbellworthy6f@theatlantic.com,4 Gulseth Lane
01JGFSWD5MYDW7F5JBTA45DADS,Verena,Bremen,vbremen6g@newyorker.com,40 Express Crossing
01JGFSWD5N081S9WRNKJHJRVGP,Rockie,Fasham,rfasham6h@slideshare.net,520 Bay Way
01JGFSWD5N7FAF3YJ28ZP3EZ6J,Paolo,Malpas,pmalpas6i@mozilla.org,42 Mesta Park
01JGFSWD5P8RYH8EDYTG8HJCB2,Zachariah,Bebbell,zbebbell6j@yelp.com,89499 Graedel Alley
01JGFSWD5PB34J139W0DCZ7W3Q,Brietta,Ablott,bablott6k@guardian.co.uk,90487 Carey Parkway
01JGFSWD5QDZDRFESC0TJYMXZ9,Wilbur,Aingel,waingel6l@amazon.de,9 Haas Drive
01JGFSWD5Q2XK4G1GVKGQSC41K,Alidia,Olrenshaw,aolrenshaw6m@stumbleupon.com,81230 Oakridge Circle
01JGFSWD5RRXHXFW4APD2SXA79,Margery,Devers,mdevers6n@accuweather.com,99411 Packers Place
01JGFSWD5RZBNGA2ERNPX1D8TG,Arnie,Ackeroyd,aackeroyd6o@unesco.org,2843 Gerald Circle
01JGFSWD5S86REDQBQJV88Z2BW,Kerby,Rawnsley,krawnsley6p@ihg.com,97 Pawling Hill
01JGFSWD5TDMFW67Q3WY9315CC,Griffin,Jephson,gjephson6q@github.io,9035 Blue Bill Park Plaza
01JGFSWD5TVAGDBSFGM60NZ5TS,Adriano,McMeanma,amcmeanma6r@thetimes.co.uk,90 Maple Place
01JGFSWD5VB89QRX495YNS6GKX,Fairleigh,Jamary,fjamary6s@msn.com,89 Nevada Junction
01JGFSWD5WV9NZ1WQBGH12BA7Q,Estrella,Faragher,efaragher6t@europa.eu,58755 Lighthouse Bay Center
01JGFSWD5WACSBGN3NGAEWMH58,Margaux,Ianittello,mianittello6u@blogs.com,74911 New Castle Terrace
01JGFSWD5XDDDC3S1WE02JXVFP,Lethia,Yurasov,lyurasov6v@java.com,5538 Straubel Alley
01JGFSWD5X2RB31Q6W41GTM0RM,Evvie,Noonan,enoonan6w@goo.ne.jp,631 Twin Pines Pass
01JGFSWD5YYEMJVE7JVMHGW9C7,Briny,Chatwin,bchatwin6x@ucoz.ru,7375 Schmedeman Center
01JGFSWD5YJJ4YZAWCTS379P07,Grove,Jiggins,gjiggins6y@themeforest.net,3170 Little Fleur Crossing
01JGFSWD5Z2HSZDVT6NR9F0T5A,Lowe,Killerby,lkillerby6z@psu.edu,740 Gina Road
01JGFSWD5Z1GNREBX984PRW1Y8,Claiborne,Vonasek,cvonasek70@soup.io,9265 Fallview Point
01JGFSWD60C7FTRNAWRZ9S86PC,Rasla,Kilsby,rkilsby71@seattletimes.com,8 Kim Trail
01JGFSWD60Y16VQGFC9JGCP93Q,Rosanna,Spreag,rspreag72@blogs.com,04404 Jana Pass
01JGFSWD61A70JN1TM6NR0V9MB,Saunders,Yarnley,syarnley73@harvard.edu,734 Tony Pass
01JGFSWD61247W88W3S2FZ94KS,Edita,Woodgate,ewoodgate74@soup.io,20 Florence Street
01JGFSWD62PSNMDYPDS0FGV8WQ,Erek,Flemming,eflemming75@google.com,2128 Glendale Junction
01JGFSWD62Q373D90C63KV1XEY,Feodora,A'field,fafield76@goo.ne.jp,9232 Park Meadow Plaza
01JGFSWD636Y6G8NG0T6Q61HVG,Audra,Gladebeck,agladebeck77@home.pl,878 Shoshone Hill
01JGFSWD63NFE8XDTAGN5Q4KXQ,Claude,Baison,cbaison78@i2i.jp,43 Shopko Way
01JGFSWD643RP4QTFJNE51AXYX,Alfie,Keming,akeming79@theglobeandmail.com,00931 Sunfield Place
01JGFSWD6486BJ928EV32S3186,Raquel,Lannen,rlannen7a@yahoo.co.jp,62481 Shoshone Point
01JGFSWD65FNCQGES6DECY9MKJ,Marie-jeanne,Rhodef,mrhodef7b@yahoo.com,0 Sunfield Center
01JGFSWD66H27GADR8G3AXJHPN,Florence,Coath,fcoath7c@clickbank.net,772 Fairview Plaza
01JGFSWD66Q3GEV6TR2F68SVZR,Maudie,Philippsohn,mphilippsohn7d@xrea.com,35264 Kropf Way
01JGFSWD67231WQ850S0W7RGPQ,Corenda,Gregs,cgregs7e@washington.edu,0297 Lillian Road
01JGFSWD672K0WZYANZ89V8JAN,Gaven,Baldrick,gbaldrick7f@shop-pro.jp,281 Loeprich Terrace
01JGFSWD689P75YR4PA02GP4RS,Ilene,Edmand,iedmand7g@bloomberg.com,1098 Pleasure Pass
01JGFSWD68XMF7Y2KKGWMQS3FW,Price,Curwood,pcurwood7h@nih.gov,609 Toban Circle
01JGFSWD69MDQGFQCKZBPAS5NQ,Philbert,Hanniger,phanniger7i@google.com.au,390 Charing Cross Place
01JGFSWD691CMX9R0XG9QTH1G7,Tarra,Baselio,tbaselio7j@constantcontact.com,246 Dawn Center
01JGFSWD6A0R9BVDGE45P8GWEY,Marjy,Korpal,mkorpal7k@issuu.com,58782 Hoard Center
01JGFSWD6AC0J12NEE3X5H3VN2,Luz,Butlin,lbutlin7l@about.com,8 Merchant Drive
01JGFSWD6B3E050064YQK782WV,Letisha,Biaggiotti,lbiaggiotti7m@guardian.co.uk,300 Bluestem Street
01JGFSWD6BJARQCPY6GBZ2DXKC,Gabriele,Shimmin,gshimmin7n@reverbnation.com,126 Nancy Street
01JGFSWD6CB03Z40AXVZMV7E3R,Leticia,Bentz,lbentz7o@chicagotribune.com,699 Weeping Birch Way
01JGFSWD6CD4PZC2XTGZYHQDHD,Petunia,Ebertz,pebertz7p@joomla.org,47534 Bashford Junction
01JGFSWD6DNVF81CQNNKVNX70V,Erika,Dun,edun7q@jalbum.net,08 Lawn Way
01JGFSWD6E23ZK7QQA5NHCDCG7,Luci,Sammut,lsammut7r@topsy.com,2929 Bunker Hill Road
01JGFSWD6EHQGDRCC5V0W045Z9,Claudie,Yeates,cyeates7s@nationalgeographic.com,90 Lukken Court
01JGFSWD6E20X6R7B0KW40ASM5,Marcellus,Bennit,mbennit7t@answers.com,71 Mcbride Center
01JGFSWD6FF22AZNCH8V1RAYRV,Reina,Cowan,rcowan7u@t.co,91 Muir Alley
01JGFSWD6GMCETHE60CWWDR9S5,Cherise,Spat,cspat7v@deliciousdays.com,739 Lyons Parkway
01JGFSWD6GJQ3GJWTCZV39ZXJ8,Lambert,Jacqueminot,ljacqueminot7w@imageshack.us,9 Mitchell Park
01JGFSWD6H1CM7ZQWDPAZ00EMM,Donia,Bewicke,dbewicke7x@marriott.com,3 Judy Circle
01JGFSWD6HBXB58TK78QDAKHP9,Langston,Dietzler,ldietzler7y@ask.com,41606 Utah Point
01JGFSWD6JS2R5YQQV8AHAWFDH,Cary,Thundercliffe,cthundercliffe7z@hatena.ne.jp,464 Vahlen Junction
01JGFSWD6KEZS635GE9AA1RFVV,Lettie,Pautot,lpautot80@flavors.me,5 Warner Plaza
01JGFSWD6K3B5N75XN4BSYGEV4,Vassili,Bricknall,vbricknall81@scribd.com,17 Hayes Court
01JGFSWD6MZB2ZW275G7350605,Felike,Bartol,fbartol82@howstuffworks.com,03469 Schlimgen Court
01JGFSWD6MS4VGPSFDPBZM9BAN,Hagen,Barenskie,hbarenskie83@google.co.jp,61 Carioca Circle
01JGFSWD6N3ZPA44ZQTSREDEBE,Vaughn,Gregore,vgregore84@blogger.com,763 Little Fleur Crossing
01JGFSWD6N372TZ5DNVQDTWJXC,Denny,Zannotelli,dzannotelli85@msn.com,18851 Beilfuss Point
01JGFSWD6PTARQQ1QGYZHGW58Z,Alica,Meekin,ameekin86@topsy.com,5845 Eagan Parkway
01JGFSWD6PTRYJ2JAVW5TZH2Q1,Cody,Balmann,cbalmann87@addtoany.com,7717 Eastlawn Way
01JGFSWD6QEB00XKM2KYW1SAJZ,Leo,Danilchev,ldanilchev88@about.com,460 Merry Pass
01JGFSWD6Q2TQFCH6GV6M2DFC4,Aindrea,Blockley,ablockley89@histats.com,6152 Porter Center
01JGFSWD6R7CYNA31H9STS5E4C,Dasha,D' Angelo,ddangelo8a@digg.com,21 Florence Circle
01JGFSWD6RA7R9PVE8EQ080T1M,Mayor,Blasoni,mblasoni8b@cyberchimps.com,8294 Waubesa Lane
01JGFSWD6SY1C9A2PM5VBM9A85,Pansie,Larner,plarner8c@icio.us,42089 Iowa Pass
01JGFSWD6SR7G7ZEK7APKVXX5D,Shane,Tomas,stomas8d@taobao.com,0170 Lerdahl Trail
01JGFSWD6T2SCGMBVSXEBJZV3F,Levi,Kilius,lkilius8e@netscape.com,4195 Sutherland Road
01JGFSWD6TNJRDWCT2G5TPXE3Q,Monika,Wandrich,mwandrich8f@studiopress.com,918 Heffernan Avenue
01JGFSWD6VD3BDZJ4EN9AN98CJ,Milena,Rait,mrait8g@rambler.ru,8032 Garrison Junction
01JGFSWD6V9616ND99W3QKE8TG,Mandie,Tapenden,mtapenden8h@comcast.net,92769 Independence Junction
01JGFSWD6W24TQVPH3Z5CPV3AG,Bucky,Sprigg,bsprigg8i@craigslist.org,1 Mallory Court
01JGFSWD6XX4CQ4T270SCHEG10,Glori,Androletti,gandroletti8j@merriam-webster.com,68075 Autumn Leaf Hill
01JGFSWD6XDNVJ605VV8VS3750,Georgy,Shotbolt,gshotbolt8k@businesswire.com,260 Dakota Court
01JGFSWD6YB1KQ8R9XG24EZ8R4,Brinn,Kaesmans,bkaesmans8l@unesco.org,4264 Bultman Drive
01JGFSWD6Y2CTZ282HH96V6M19,Adelaida,Suffe,asuffe8m@prweb.com,06226 Red Cloud Crossing
01JGFSWD6ZY79PS5MHV3N2YM6R,Saleem,Van den Dael,svandendael8n@cnet.com,3392 Kennedy Circle
01JGFSWD70FEZJ1FKSJFFB6BTJ,Erv,Bakes,ebakes8o@ebay.com,91 Oxford Plaza
01JGFSWD70NEX7W5AESKBVHD12,Carny,Vallender,cvallender8p@whitehouse.gov,7226 Southridge Trail
01JGFSWD7110WZXSA60HYPWPS2,Angus,Hanalan,ahanalan8q@wisc.edu,284 Mandrake Road
01JGFSWD711CJXHYBX3594BK93,Nissie,Landells,nlandells8r@amazon.co.jp,763 Fordem Avenue
01JGFSWD72Z972H1V13N9DVBZW,Hanny,Lavallin,hlavallin8s@a8.net,123 Eagan Alley
01JGFSWD728ZSD59WCDZAV4FWM,Conney,Ambrosch,cambrosch8t@parallels.com,722 Ramsey Point
01JGFSWD73D432YBR665WGB4GY,Celine,Alps,calps8u@bbb.org,87 Linden Road
01JGFSWD73XBHZMW2SM1ECWVFD,Pru,Allmark,pallmark8v@mtv.com,3529 Main Terrace
01JGFSWD74HXG66VET9GK98MWW,Garwood,Sollowaye,gsollowaye8w@ucla.edu,5531 Cherokee Circle
01JGFSWD746VR5TQAMWENVBPE5,Denver,MacMearty,dmacmearty8x@e-recht24.de,280 Pankratz Road
01JGFSWD751N574V317XTM936M,Casey,Twitchings,ctwitchings8y@phpbb.com,0 Thompson Lane
01JGFSWD75MEHJMZBY4W7A9Y54,Debbi,Kordas,dkordas8z@twitpic.com,842 Buena Vista Center
01JGFSWD76GXKC9SN4ZQDM44HB,Teressa,Betz,tbetz90@cornell.edu,5872 Dakota Crossing
01JGFSWD76R7QND42H9Z0CF049,Dagmar,Leyzell,dleyzell91@example.com,535 Kings Point
01JGFSWD77VEF4WH0HHJM8SYJG,Bebe,Yeskov,byeskov92@phoca.cz,9510 Haas Parkway
01JGFSWD774GT5E9F7N36BHWFE,Joshia,Heavy,jheavy93@google.com.br,03 Dunning Place
01JGFSWD789QWVWDTM9P5JV0BG,Mozelle,Andrieux,mandrieux94@nba.com,2113 Stoughton Park
01JGFSWD7896CKV33E7HKA00CM,Giuditta,Lemm,glemm95@nasa.gov,614 Northview Court
01JGFSWD791ERQDDMVVHEGCDWT,Earle,Repp,erepp96@cisco.com,4 Rusk Hill
01JGFSWD79YEKTQFQKB33XGNEX,Ruthie,Mickelwright,rmickelwright97@e-recht24.de,7 New Castle Parkway
01JGFSWD7AP1QRQYN2BZ1272XP,Ruperto,Spittall,rspittall98@opera.com,023 Sachs Junction
01JGFSWD7AJ9NCP1CFPS7ZATHD,Georgetta,Benallack,gbenallack99@fda.gov,581 Waxwing Plaza
01JGFSWD7BWSZXPPM9SHB7NCNN,Suzy,Winckle,swinckle9a@shop-pro.jp,1 Jenna Park
01JGFSWD7BGTX46ZTC4SKXVYZ5,Neville,Moyce,nmoyce9b@clickbank.net,11346 Del Mar Avenue
01JGFSWD7C6Q4S9QRVTK0ND2ET,Addy,Drews,adrews9c@surveymonkey.com,207 Mendota Place
01JGFSWD7CBBS4WK15T4EB34TW,Milo,Deery,mdeery9d@themeforest.net,24 Mcbride Court
01JGFSWD7D4NEBBYBYQRNKY7PG,Ganny,Pound,gpound9e@ucla.edu,421 Basil Place
01JGFSWD7EGV45WG9TJVAM8D07,Nikolai,Jankowski,njankowski9f@ca.gov,0148 Florence Junction
01JGFSWD7EJ5FHXEF7B25HKEVQ,Welsh,Christou,wchristou9g@surveymonkey.com,35 Maple Wood Junction
01JGFSWD7FPK8MKZBAV6JQ9HNT,Loreen,Eckh,leckh9h@indiatimes.com,001 Summer Ridge Trail
01JGFSWD7G00V4BM4J4GZPHGE6,Robbie,Dot,rdot9i@wired.com,7 7th Road
01JGFSWD7H771038H4FTZ8PD1Z,Shamus,Fewtrell,sfewtrell9j@google.com.hk,16218 Elka Crossing
01JGFSWD7JB73G7PBDZWPBK2JZ,Simone,Ianitti,sianitti9k@opensource.org,84541 Daystar Hill
01JGFSWD7J5EA533WEBMM4XK69,Karleen,Rogge,krogge9l@dagondesign.com,19112 Fulton Way
01JGFSWD7K90BHYVW2XGBEFZ5T,Kelbee,Beldon,kbeldon9m@unesco.org,63 Union Terrace
01JGFSWD7KM2DXG6EJQ7WF05FX,Clay,Pantone,cpantone9n@google.fr,2 Jana Crossing
01JGFSWD7MTJTDQ9ZFWZ6AEYF3,Lishe,Cruttenden,lcruttenden9o@thetimes.co.uk,49 Jenna Plaza
01JGFSWD7MTP17KGC300WFFTY9,Billi,Keigher,bkeigher9p@t-online.de,5240 Sherman Court
01JGFSWD7N6H9NC9QJDDM65SBN,Chelsie,Hamsson,chamsson9q@goo.gl,64294 South Park
01JGFSWD7P67FX159PRCRMYSAH,Marcie,Harring,mharring9r@blinklist.com,3733 Claremont Trail
01JGFSWD7P9RNYX9C99DSEJ0ZX,Kerry,Ravenscroft,kravenscroft9s@noaa.gov,590 Clemons Road
01JGFSWD7PQC8K15NQ17FB49FZ,Carlota,Bogey,cbogey9t@bloglovin.com,519 Daystar Alley
01JGFSWD7QKK4RPPZZ7PE4F1MR,Halsy,Goodfellow,hgoodfellow9u@nytimes.com,48594 Fremont Junction
01JGFSWD7Q6W1VZ70AC5BMRJHF,Abdul,Knappitt,aknappitt9v@bizjournals.com,48 Hollow Ridge Park
01JGFSWD7RCYQVH5DYYSR03ZPF,Maressa,Ferrao,mferrao9w@amazonaws.com,43 Dottie Junction
01JGFSWD7RDACHYS2AFD376747,Ilsa,Hansman,ihansman9x@un.org,44 Tomscot Park
01JGFSWD7S4N5RQDZRECXB0EMM,Robin,Lionel,rlionel9y@nationalgeographic.com,6 Melrose Pass
01JGFSWD7SRYSR4WQ0EHVS0001,Hill,Goering,hgoering9z@51.la,787 Mitchell Avenue
01JGFSWD7TT5KY46ZFXJ0RWB6H,Aaren,Haverson,ahaversona0@google.com,41 Badeau Pass
01JGFSWD7TCCN6N47BJBYXHAMG,Tandy,Denys,tdenysa1@weebly.com,7 Melody Park
01JGFSWD7VGB9EFV1T2M3FM7G5,Katerine,Pynn,kpynna2@arstechnica.com,0448 Carberry Hill
01JGFSWD7V3HXZ0AHWYH9TDNKK,Felicio,Catterell,fcatterella3@howstuffworks.com,90 Blaine Drive
01JGFSWD7W38SWZ4CDVWD3H53Y,Pier,Janton,pjantona4@forbes.com,15541 6th Alley
01JGFSWD7WJC8KD0DGHF718A1R,Alejandrina,Nordass,anordassa5@nhs.uk,232 Bunting Circle
01JGFSWD7X8SH0BE1Y9H5Z015B,Christye,Zuker,czukera6@t.co,2870 Gateway Pass
01JGFSWD7XN0VRZB716TZMCSFR,Benjamen,Meo,bmeoa7@google.de,29 6th Road
01JGFSWD7Y2Q4AFN6NJCT7052A,Greg,Goreisr,ggoreisra8@webmd.com,31 Luster Court
01JGFSWD7YMZB15MD3VN8ZHR9T,Glad,Bugden,gbugdena9@seattletimes.com,642 Randy Pass
01JGFSWD7ZHAFXX5109D3RQ42X,Janeva,Matthensen,jmatthensenaa@mail.ru,7693 Amoth Point
01JGFSWD80Y8GW4JJZSCZY7X31,Katee,Robertz,krobertzab@so-net.ne.jp,0 Killdeer Avenue
01JGFSWD81XNTB2WXN4W2RYDZJ,Barrie,Kosel,bkoselac@nih.gov,81577 Michigan Street
01JGFSWD82HEHG80R6CGD26RP4,Jessika,Aristide,jaristidead@a8.net,317 Forest Trail
01JGFSWD82H240PJACWGYM5N3W,Yule,Grafton,ygraftonae@photobucket.com,331 Delladonna Park
01JGFSWD83HWW6SPHQ254EAFY0,Welbie,Mutch,wmutchaf@statcounter.com,504 Roth Alley
01JGFSWD83TVN0MXA6WAT4ZJ0M,Valerie,Moore,vmooreag@hc360.com,576 Fieldstone Street
01JGFSWD840KRN9EBHPDB5S1GC,Farr,Astley,fastleyah@nyu.edu,23374 Debs Avenue
01JGFSWD852MQEVVCDB93P9G6T,Denny,Bischof,dbischofai@vkontakte.ru,82731 Saint Paul Plaza
01JGFSWD8600CWW68H76FX5QRA,Sean,Puckett,spuckettaj@nbcnews.com,50 Hanson Street
01JGFSWD87ASPXTV90D7Y9JY1J,Aldin,Gamil,agamilak@prweb.com,59231 Ilene Trail
01JGFSWD8879WQZJB404JDBGZ4,Rivy,Dring,rdringal@wiley.com,9 Redwing Circle
01JGFSWD88ER217MWS149X39Y9,Calla,Yurinov,cyurinovam@mysql.com,43 Johnson Alley
01JGFSWD89V862YXK3S97DA8CE,Jock,McNulty,jmcnultyan@economist.com,05072 Coleman Place
01JGFSWD89QYJ1E1GY888V8RK2,Armstrong,Bottrell,abottrellao@acquirethisname.com,0 Fisk Crossing
01JGFSWD8A5V7ERN3ZMMVJXVAP,Alric,Allom,aallomap@webeden.co.uk,38023 Arkansas Crossing
01JGFSWD8AYCNW7SQYRNRT268Z,Leonelle,Southern,lsouthernaq@elegantthemes.com,06491 Shopko Crossing
01JGFSWD8BDE43S77ESM1KKQQC,Amalie,Eltringham,aeltringhamar@indiatimes.com,9603 Oriole Lane
01JGFSWD8BYZ6PCDDE568TQGZQ,Shari,Sabberton,ssabbertonas@networksolutions.com,7047 Mifflin Place
01JGFSWD8C228TR28YSDH3CTQ3,Kerwinn,Ogers,kogersat@angelfire.com,051 Paget Way
01JGFSWD8C08NZG7EM7S0M2EZB,Hall,Burborough,hburboroughau@infoseek.co.jp,135 Golf Plaza
01JGFSWD8DMR23M3BNMZF6Q0SJ,Julianne,Lackmann,jlackmannav@joomla.org,6 Gateway Hill
01JGFSWD8E94SAKRFNWVWCNVKW,Ettie,Hagyard,ehagyardaw@wiley.com,51299 Susan Circle
01JGFSWD8FJSDY4Y7HW2CX8J3G,Channa,Rooksby,crooksbyax@vimeo.com,31 Eagle Crest Way
01JGFSWD8FC636KS49W32JHY5X,Artair,Sponton,aspontonay@epa.gov,7 2nd Junction
01JGFSWD8G550SC8YEVZWGFHC3,Susi,Nock,snockaz@uiuc.edu,8 Waywood Crossing
01JGFSWD8GHZMKRD5FRWM9A5CA,Engelbert,Tregensoe,etregensoeb0@webmd.com,63 Melody Junction
01JGFSWD8HMVHSW97JXHS8FVH2,Waneta,Leinthall,wleinthallb1@csmonitor.com,3 Stoughton Center
01JGFSWD8HQHFXC1VVATE92PG1,Harrietta,Biset,hbisetb2@nyu.edu,643 Dapin Road
01JGFSWD8J7DR0NRNAGF518B50,Maddalena,Taffie,mtaffieb3@scientificamerican.com,440 Mariners Cove Plaza
