payment_id,payment_method,order_id,amount_paid
01JGJBRJPGHNV7N3SCYPG682TH,jcb,1,50.52
01JGJBRJPJ0533YS3G9C8E9J2C,jcb,2,189.85
01JGJBRJPKBAH5FJVTHMNCNTWK,maestro,3,5163.0
01JGJBRJPMNYD9W0C5R5PQ461A,jcb,4,15.95
01JGJBRJPNCWQQM0FHCGNTS87Z,americanexpress,5,598.0
01JGJBRJPPQWWGAFQ0HTQRTZJE,jcb,6,17.96
01JGJBRJPQWJZPZCDT8H86QFS3,jcb,7,1317.0
01JGJBRJPR9K9ZESQDJ9D0AR0S,diners-club-carte-blanche,8,89.97
01JGJBRJPSJ9SKN7JB3F2QJZYV,laser,9,0.0
01JGJBRJPT3NA90JGGFXP5X1Z7,maestro,10,17.98
01JGJBRJPVVZPSZ11QCQY99PE6,jcb,11,61.98
01JGJBRJPVKK98KG448N0YP1S8,diners-club-carte-blanche,12,505.86
01JGJBRJPWS0X82CPYMMSQCT1T,jcb,13,17.98
01JGJBRJPWZQ6FPAW84F4ZD8AP,visa-electron,14,27.98
01JGJBRJPX96AT638XZANDAABQ,mastercard,15,35.98
01JGJBRJPXGMN1V5H7NW42K7NE,jcb,16,29.99
01JGJBRJPYJZ41CSDP8XDAEMCS,jcb,17,22.95
01JGJBRJPY4ZYSGRZ5NA21QG4S,jcb,18,15.19
01JGJBRJPZZBD981FKW9N48ZH7,jcb,19,4.66
01JGJBRJPZK38XS2X5JCX8NYVC,diners-club-enroute,20,62.97
01JGJBRJPZ03DSEM6105EZ497D,instapayment,21,92.97
01JGJBRJQ06FFQ5DDBVCBJPVZM,mastercard,22,29.97
01JGJBRJQ1P0Z8ER85R7Z812NP,jcb,23,29.5
01JGJBRJQ20CXKM6R0XTJTPXQ0,jcb,24,11.78
01JGJBRJQ23E8ES915H2A51P72,americanexpress,25,235.4
01JGJBRJQ35M6NYZGY82HAFEMC,jcb,26,7.99
01JGJBRJQ39KA984F7J68B4QDQ,jcb,27,29.97
01JGJBRJQ3Y36DN2TMAWAVCNZR,maestro,28,164.31
01JGJBRJQ4R9KFYFM8H5X9G60W,visa,29,301.98
01JGJBRJQ4DXE8EAS58BXTK8M8,jcb,30,11.99
01JGJBRJQ5HM0PT7GH8NS80H1R,jcb,31,40.94
01JGJBRJQ6KHJRWN6M9V4PB5A2,visa,32,29.99
01JGJBRJQ6TDC6120J9DF827D7,jcb,33,22.78
01JGJBRJQ7WSQEEBYYT4PR976G,jcb,34,9.19
01JGJBRJQ72Y0KEQE8R61SVW7Q,jcb,35,415.96
01JGJBRJQ7CP5VKFZX93G9VY6C,diners-club-enroute,36,49.95
01JGJBRJQ8S4B8EG13B8RD25S5,bankcard,37,32.96
01JGJBRJQ8MP3Q63BVH5SRRQEM,jcb,38,26.94
01JGJBRJQ91M8DZ1W2NE0ACHHB,jcb,39,18.9
01JGJBRJQ9Y2M5XY8XT8N5ZEMX,mastercard,40,18.33
01JGJBRJQATCGXJXT5QXD7CA9G,jcb,41,79.98
01JGJBRJQAC576FC3THR5QRN2D,diners-club-enroute,42,44.97
01JGJBRJQAB934YSKQJM6DPKJF,diners-club-us-ca,43,118.99
01JGJBRJQB47YEZJF7TV105Q7X,bankcard,44,56.97
01JGJBRJQC8TJ1ERA9HFBBBVMV,jcb,45,128.97
01JGJBRJQD94399YXPQM2YJ0MH,jcb,46,33.98
01JGJBRJQDJJ40T6Z4JD3T14WR,visa-electron,47,59.97
01JGJBRJQEJMHX3T478RKP43CV,jcb,48,179.46
01JGJBRJQFXR381JP7GRW9WE2T,jcb,49,31.98
01JGJBRJQF61F52DDFAM1BPDW1,diners-club-carte-blanche,50,128.97
01JGJBRJQFVT30Z9QAZJ7X3HAQ,switch,51,6.47
01JGJBRJQGNC8DTE5BQTYWY83H,diners-club-enroute,52,35.9
01JGJBRJQGC7ETMY6AF3V8PC61,switch,53,389.97
01JGJBRJQHE3YRKS96J239VCBN,jcb,54,27.98
01JGJBRJQJKHD43JWQT5S1SBJX,jcb,55,34.17
01JGJBRJQJYEX9JENEEBAE749J,jcb,56,128.97
01JGJBRJQKQ86P20W912J8TZYV,jcb,57,12.71
01JGJBRJQKFNX80VXS959YRQX8,switch,58,62.97
01JGJBRJQM6XAP29BT2WQKHZD6,americanexpress,59,27.98
01JGJBRJQNZ8WSNWVF19Z8CHNB,jcb,60,1210.12
01JGJBRJQPGT2C22QSMTZ4YGDH,jcb,61,15.19
01JGJBRJQQDW2AB8ZRS4HRND35,jcb,62,79.98
01JGJBRJQRZNRWTD94ZAWD1EF8,visa,63,18.99
01JGJBRJQSR2Z4ZNCXDPM5QS00,mastercard,64,19.47
01JGJBRJQSYH1Y2MQNYKVYWZ0X,jcb,65,32.94
01JGJBRJQTJJ5G7FW0YBJ8EDQP,jcb,66,1815.18
01JGJBRJQT1JSSGEFARY87ZQSN,jcb,67,25.99
01JGJBRJQV3G0GKMNWM38WBE34,jcb,68,32.18
01JGJBRJQVMM0MCZA1YKTDMYEF,maestro,69,59.96
01JGJBRJQW5EPPAVP8KXXTEPN0,jcb,70,0.0
01JGJBRJQXX4ZS87X1DXCAZCXG,jcb,71,48.54
01JGJBRJQYHDQ13G1JP7ADG9R7,laser,72,69.99
01JGJBRJQYTD2J5HB3KQADE1YW,diners-club-enroute,73,89.99
01JGJBRJQZ5M3CH6ZSHMV46HEV,jcb,74,38.5
01JGJBRJR0E0V2GQMR3BKYCVZR,jcb,75,49.21
01JGJBRJR1PTA15V5DWJSSNFF4,mastercard,76,18.68
01JGJBRJR2X9ZX83602HMGF76P,china-unionpay,77,0.0
01JGJBRJR3G0EE0J0TFWC69EQJ,jcb,78,55.9
01JGJBRJR4FE95RYSF1MNQ41JT,diners-club-enroute,79,58.62
01JGJBRJR68CWNK7XY1J1KQ0Q8,jcb,80,18.38
01JGJBRJR731EZZKCJPSQDY0NS,mastercard,81,9.99
01JGJBRJR816CHYP2JSGBCQR61,jcb,82,43.9
01JGJBRJRAE0ZH7GZT907BAYFA,switch,83,59.94
01JGJBRJRBG0YDCSH36HY4AH0H,jcb,84,55.95
01JGJBRJRCQ17Q618AQFENQN7Q,americanexpress,85,750.0
01JGJBRJRDRM0QZPWZFMANFB2Q,jcb,86,73.9
01JGJBRJRE4WFMFGJRW5T2N157,mastercard,87,31.99
01JGJBRJRE4CM0E12XRTPR9N15,jcb,88,30.98
01JGJBRJREC1VV38R3H1MG0H73,mastercard,89,41.0
01JGJBRJRFTMCDN6HYDDWB4GP5,solo,90,38.91
01JGJBRJRGD96VBF9AXT6TGC9G,china-unionpay,91,15.99
01JGJBRJRHKBZ04QSR0F899YY2,diners-club-carte-blanche,92,13.98
01JGJBRJRJSE7Q7D9WERD8EDST,laser,93,119.97
01JGJBRJRKM2R0VHBX0QVECYD2,mastercard,94,19.5
01JGJBRJRM1QE4C1X6XJNVHWDT,visa-electron,95,83.94
01JGJBRJRN2JK6B8HSD71CKMGF,solo,96,0.0
01JGJBRJRPM2X6K1XN4PPFX8JG,switch,97,53.97
01JGJBRJRRW423VT2ZS6J1GR8Y,jcb,98,479.97
01JGJBRJRS08BN03APRTRH16G2,jcb,99,13.53
01JGJBRJRS877Y9017H3PSRSQQ,diners-club-carte-blanche,100,0.0
01JGJBRJRTD7VWM1DQ0RV4B4BA,mastercard,101,29.96
01JGJBRJRT1MKFZXJEMD5EF7A6,jcb,102,14.44
01JGJBRJRV5F50FMYC8YFNQ5KP,solo,103,165.0
01JGJBRJRVTDYTGPAV40STQDRX,maestro,104,39.98
01JGJBRJRVPFKVRH0RE9D7WYJM,jcb,105,111.27
01JGJBRJRWJ9TSQBPJYT1FF56T,visa-electron,106,39.98
01JGJBRJRX8A3C0VXWP0E64QBC,diners-club-international,107,408.0
01JGJBRJRX8FE9R8PN3VKYPNDR,americanexpress,108,15.98
01JGJBRJRYY8AY5NEY8D1KJ5D4,mastercard,109,69.98
01JGJBRJRY2FFEWHP31G4VS5QV,china-unionpay,110,6.49
01JGJBRJRY0RQC23ZPXASWYPSJ,jcb,111,41.97
01JGJBRJRZ123QEQA32EVXJ5BN,mastercard,112,9.99
01JGJBRJS0GN2K6M312QEAKYV0,bankcard,113,111.27
01JGJBRJS1TPKYT99BZD5AJ70E,instapayment,114,60.98
01JGJBRJS21GQKGCZEXDXE0KNJ,jcb,115,6.99
01JGJBRJS3HYP5A24HQ7ZT5W4Y,americanexpress,116,50.97
01JGJBRJS3S4DWRXWAP722V7F3,jcb,117,43.98
01JGJBRJS47B8AM2Y11GQD5HH4,jcb,118,20.99
01JGJBRJS4Z2KMJGAYER37YZQG,diners-club-enroute,119,6.99
01JGJBRJS4R9PEYSRXJVEKB21R,jcb,120,36.12
01JGJBRJS54FNDAVFK4H7P63DG,diners-club-enroute,121,89.0
01JGJBRJS5CWR3SGBVP8DFM0YG,maestro,122,104.97
01JGJBRJS6G93WW7QD0RBSMBS2,mastercard,123,7.99
01JGJBRJS6401DSR5QGQ6KDWGY,mastercard,124,29.88
01JGJBRJS744RGS9S46AV90GHZ,visa,125,39.99
01JGJBRJS8KJJK0BA6224W671C,bankcard,126,25.47
01JGJBRJS906X2V1TJF4CZFD0E,mastercard,127,89.85
01JGJBRJSA5K12Y94HKCAMH49R,switch,128,119.7
01JGJBRJSBGRBEX2V73H29KXNK,americanexpress,129,219.98
01JGJBRJSBS6RZTYS7E3J83VCM,jcb,130,5.99
01JGJBRJSCZJV4Q3T6N8BWJ9M4,jcb,131,17.99
01JGJBRJSCANR8STVYE8M66EGG,jcb,132,216.04
01JGJBRJSDSAZ6JR87T9Z31FMQ,diners-club-enroute,133,209.97
01JGJBRJSDX40J4GTJSBPH3XZB,jcb,134,2064.0
01JGJBRJSEBZF7XJ9QKKF422CX,jcb,135,16.99
01JGJBRJSESFX360TZZ22NNC6R,switch,136,82.44
01JGJBRJSFSDBQYRXJX7C6VCYG,jcb,137,9.34
01JGJBRJSFNDF97ADHF1V1FH2X,jcb,138,20.99
01JGJBRJSFPFWYXNR1SJ00D2NH,jcb,139,53.97
01JGJBRJSGCEVQ64XQ4YH7VVSZ,jcb,140,27.0
01JGJBRJSGN0FDRBEHYXCDVWPB,jcb,141,59.97
01JGJBRJSHAF20BJ7D1AQ7HZHK,maestro,142,12.99
01JGJBRJSHVEDCCGSB0RX29232,mastercard,143,329.85
01JGJBRJSJC3JFCRRZJ6FDXX6Z,visa-electron,144,41.67
01JGJBRJSJ070QDHNJXTAZFWY8,jcb,145,86.67
01JGJBRJSJXXAFKC6BZ2RPXRHW,jcb,146,15.99
01JGJBRJSK3XDBRQYM2YWRE0EG,bankcard,147,30.0
01JGJBRJSKANJEV6JMRZDF61AT,jcb,148,55.98
01JGJBRJSMDMYB1DJMCCWRW3TH,maestro,149,204.69
01JGJBRJSMM1VZPXSGR767K2TD,jcb,150,0.0
01JGJBRJSM4828NH411CJRPMFP,visa,151,39.99
01JGJBRJSN6XQ92QYR92532YQN,jcb,152,19.98
01JGJBRJSNNN2TC877ZAKGREXQ,visa,153,59.96
01JGJBRJSPA5ZEVE05ZGESG8Y2,maestro,154,14.99
01JGJBRJSPFPVNGC191TWJ628Y,jcb,155,84.99
01JGJBRJSQZ0DKTKR7DCFET13K,jcb,156,44.97
01JGJBRJSQ981ZQN0ZDBNYPJVQ,jcb,157,8.58
01JGJBRJSRZFR9T52W13VSF77Y,jcb,158,47.97
01JGJBRJSS110TWEGGBTP5P5MT,switch,159,33.5
01JGJBRJST7ENW5YNW74WHQMH6,switch,160,107.1
01JGJBRJSTBCP681MR1PHCSJKW,jcb,161,48.54
01JGJBRJSVRG0DCYZB02ESZW6H,jcb,162,79.98
01JGJBRJSV1K7AEE2MZYXBF3RT,americanexpress,163,13.89
01JGJBRJSWCP9TJB6N0TB62DG2,jcb,164,59.98
01JGJBRJSX3BQSPY9N50WJZ0DZ,jcb,165,85.98
01JGJBRJSX2NC161Y06GEDF8R6,americanexpress,166,0.0
01JGJBRJSYPMQPK94HFS7D1XH3,americanexpress,167,29.98
01JGJBRJSYPDP4A6V1W1CQ1CTR,jcb,168,89.99
01JGJBRJSZBGFBYMA0TA4SSMFS,jcb,169,139.99
01JGJBRJSZ50WWE21EB6FF0E9E,mastercard,170,23.9
01JGJBRJSZ5K2PV34S93XVFWWW,jcb,171,25.99
01JGJBRJT0B006BB0EF0ZDPGV3,diners-club-carte-blanche,172,17.98
01JGJBRJT0WZQR7M7T0NF99QJW,jcb,173,18.99
01JGJBRJT16GF83A5AWSW2SGC3,jcb,174,86.31
01JGJBRJT1CDMZJT8WRFZSDAQP,diners-club-international,175,29.98
01JGJBRJT2VMWG83X1SR41RVAW,jcb,176,490.6
01JGJBRJT2VS0MWA88AJ1MWXHM,jcb,177,65.97
01JGJBRJT363SQPYSAX3ZVG9ZA,jcb,178,59.98
01JGJBRJT3QYBYAK1H3PXJ4073,jcb,179,149.99
01JGJBRJT30351ENQBE3R888YY,mastercard,180,27.98
01JGJBRJT4DN2XS8T1NYH1HCZE,jcb,181,113.97
01JGJBRJT4V7MZ882FAS7SHD2N,jcb,182,97.98
01JGJBRJT5GW7NQ4SBMPPN0DEF,jcb,183,149.97
01JGJBRJT5QM4YXA1JZTZVB3TX,jcb,184,44.82
01JGJBRJT6Y05M4YXVSZBTEAA7,jcb,185,19.99
01JGJBRJT6J7NZHAQPMQ6W6QDQ,china-unionpay,186,17.67
01JGJBRJT6YWWSXPZVF07Y0C23,americanexpress,187,98.97
01JGJBRJT7R0KT9SKNB4J3EHAD,china-unionpay,188,0.0
01JGJBRJT7Y243HY9TH38T2G7R,jcb,189,899.97
01JGJBRJT8MJPKYA8DSF4C4CRG,visa,190,7.98
01JGJBRJT8DXQ198AEY3Q0367C,jcb,191,0.0
01JGJBRJT8G26ZYK4TA0HDQZZW,mastercard,192,2475.0
01JGJBRJT9NK57TFQ4WSFEE53Y,mastercard,193,13.78
01JGJBRJT9CB2647604PSAPN38,diners-club-enroute,194,495.0
01JGJBRJTAD3140581VSM2SX69,jcb,195,17.98
01JGJBRJTAXHW20F94N5QYK4RM,bankcard,196,116.73
01JGJBRJTA6Z0QF6EBJYSWWNWK,jcb,197,98.0
01JGJBRJTB8GE3475MV6N90R6B,switch,198,17.97
01JGJBRJTB5ZHXMF2F34K8VQ5S,americanexpress,199,29.78
01JGJBRJTC319TKJHYKDAD99NV,laser,200,0.0
01JGJBRJTCWCWKN3APGNBKQAH1,switch,201,71.97
01JGJBRJTD6GQJYTE5MTY3N56T,switch,202,299.98
01JGJBRJTEDCK56GCZSFZSX7SC,switch,203,599.97
01JGJBRJTEC45MSKWMCJ1MYDV1,bankcard,204,16.99
01JGJBRJTE6EV49ZRAPAHZ21RH,jcb,205,16.1
01JGJBRJTF48TZBSVPC7JZ4E1J,jcb,206,267.0
01JGJBRJTF2KRDDAXW4ANPYX46,jcb,207,109.38
01JGJBRJTGKQPFP20Q4QZXKP81,visa-electron,208,56.97
01JGJBRJTHTQX6Q5PH59N5GBM4,jcb,209,66.75
01JGJBRJTJDZSAGGHCBZ2GTWPD,jcb,210,659.97
01JGJBRJTJ6GWDDTY7EG96N5YR,china-unionpay,211,98.0
01JGJBRJTJM79BZA2XDWNTVXNF,laser,212,0.0
01JGJBRJTKF5HWYMM9NJJENE0B,jcb,213,39.99
01JGJBRJTKV12VW8WT2B0CG9YA,diners-club-enroute,214,89.85
01JGJBRJTMAGJJFNQVNMMHGNTX,diners-club-carte-blanche,215,329.97
01JGJBRJTMX3Z45JBMWCYTZ7ZE,jcb,216,18.99
01JGJBRJTM3YVS0CQZSRT7YBSE,diners-club-enroute,217,62.97
01JGJBRJTPNJXQTX3N20D6E5NH,bankcard,218,13.7
01JGJBRJTPERA5QZFNMCGAP56W,diners-club-carte-blanche,219,41.4
01JGJBRJTQH2P3XAVSPZPR40VK,jcb,220,287.98
01JGJBRJTSVPZ5V2HEX15QJA0V,china-unionpay,221,41.97
01JGJBRJTS4SA1V2BNQWWPJEJ1,china-unionpay,222,119.97
01JGJBRJTTGEY0SYQFR5K8K1XX,jcb,223,38.97
01JGJBRJTT0RFH3RW2VV1CVNRD,jcb,224,23.98
01JGJBRJTT5KTBMP9MN8YVPR6Y,jcb,225,319.04
01JGJBRJTVTQH3F76ZJRAKWPJV,jcb,226,348.0
01JGJBRJTVFWZJR564DNE5GT95,visa-electron,227,269.7
01JGJBRJTWQX521G088SDNXPHA,mastercard,228,119.7
01JGJBRJTX4WSV7D632ZWTNH4P,china-unionpay,229,9.49
01JGJBRJTY2NDTSHFCCAET63ZA,china-unionpay,230,29.97
01JGJBRJTYNMFBM6ASC685TASC,jcb,231,19.98
01JGJBRJTZAKPZ7FVAN9CWSK47,maestro,232,20.29
01JGJBRJTZ8GTN6V7GG3V6R11D,mastercard,233,31.9
01JGJBRJV0T25YE6BRZY1G9T0Z,jcb,234,71.98
01JGJBRJV0X10TXT1WS1CX39RX,diners-club-us-ca,235,15.99
01JGJBRJV0NQMMXVVHAYHAT8ED,switch,236,768.0
01JGJBRJV1HKV42DQNQ1496JBS,mastercard,237,0.0
01JGJBRJV1Q90WYX279ADNP3C1,jcb,238,11.98
01JGJBRJV2AB8A2CSNK04AQR9G,jcb,239,428.34
01JGJBRJV2S4J4F9RZR13BGTPM,jcb,240,26.67
01JGJBRJV2D0TK8GDJKNC7VW7R,bankcard,241,8.95
01JGJBRJV364S0YGZ78R6GW2M1,mastercard,242,39.98
01JGJBRJV3ZXTATSP9KKZJ0Q3M,jcb,243,0.0
01JGJBRJV4RVE4HYXAAZ64F1PG,visa-electron,244,107.1
01JGJBRJV4MMN3QSTNB5FR4RFW,jcb,245,31.98
01JGJBRJV5J3S75DGFFXKJW5VN,jcb,246,12.99
01JGJBRJV5MCSDPCKDH75AH21J,americanexpress,247,29.97
01JGJBRJV5EA47J7Y9AET9ZAWY,jcb,248,1489.3
01JGJBRJV6C0JJ4JD9PPSZY36D,jcb,249,16.47
01JGJBRJV693NAJYTSQJ1ASC70,mastercard,250,17.98
01JGJBRJV7J2HB7GRYZQJEFQM7,switch,251,9.98
01JGJBRJV73QX13QSVJRW5C555,switch,252,19.99
01JGJBRJV87PSS8FA95V0EAA9A,mastercard,253,11.98
01JGJBRJV855K241T806E1C471,visa-electron,254,18.99
01JGJBRJV83G717ME135BA8D85,jcb,255,22.99
01JGJBRJV9E6Q5VMSHFJVQHJRY,jcb,256,23.56
01JGJBRJV9FWBWWYE45X1ES7PM,diners-club-enroute,257,29.99
01JGJBRJVAXYWN0ADFQVT97RHB,americanexpress,258,109.99
01JGJBRJVA8R0XSSAXT72PNPRQ,jcb,259,35.4
01JGJBRJVA9JXR5F3ESGDD0HG9,visa,260,396.93
01JGJBRJVBFW3B19AB3VM5BK41,bankcard,261,27.95
01JGJBRJVB2SKDKETGMEXB4XKF,instapayment,262,143.99
01JGJBRJVCDK9F1Q5TVC7FWSB2,laser,263,89.9
01JGJBRJVCYBPKGA8RDMPSD71W,visa,264,0.0
01JGJBRJVDKXPMT4J3WF0TZ4B0,visa,265,50.64
01JGJBRJVD1PEYHADPX946Y5QC,jcb,266,49.18
01JGJBRJVET4M5KWARDHYS0XZJ,switch,267,35.98
01JGJBRJVEBWAAYVKJ7Z6GQ7C6,jcb,268,45.8
01JGJBRJVEDSS8WYYA700FPTN5,mastercard,269,56.67
01JGJBRJVFB4Y62YJF6FB4QVMB,americanexpress,270,0.0
01JGJBRJVFXXZKJ6DC2HQVDZFV,maestro,271,18.68
01JGJBRJVG7XW7KM17P15PYD7Y,jcb,272,219.98
01JGJBRJVG099EZY2SKN6SX1KC,jcb,273,26.67
01JGJBRJVGDGSZ54H4A6XD36XE,switch,274,71.97
01JGJBRJVHXH119RKG3CV7TC9Y,mastercard,275,254.94
01JGJBRJVH633K91YZBSA6XKCG,switch,276,17.97
01JGJBRJVJPSJAA87DMAK9MNGT,jcb,277,0.0
01JGJBRJVJ052Y6GT27M9ZT0PE,jcb,278,17.97
01JGJBRJVK4VEHSRHNN53NQC1K,jcb,279,13.99
01JGJBRJVK54C5Z686Q7TJ78FZ,jcb,280,59.98
01JGJBRJVM8GWSJ550SF28QHH5,jcb,281,19.62
01JGJBRJVMVDFSDXRJ406RR9KK,jcb,282,41.97
01JGJBRJVM6ZY0KV8DKEHN2ABM,mastercard,283,12.66
01JGJBRJVPN1EB6X7A90XPKQB4,jcb,284,23.96
01JGJBRJVQJBVH4ZDZ4JBMJ512,diners-club-enroute,285,16.12
01JGJBRJVQFSTJPXYD400KJHHY,instapayment,286,21.98
01JGJBRJVRP1H0DGK6GQN5FMWZ,switch,287,7.97
01JGJBRJVRRWTRF90F414HFVH2,maestro,288,70.0
01JGJBRJVRCN4ZEBG2RC28D8MN,jcb,289,169.98
01JGJBRJVSHKC7E4BTMXKAS09R,jcb,290,9.99
01JGJBRJVSQE41GMMCP03D9ZSE,americanexpress,291,59.97
01JGJBRJVTVAE524XWKANYDMB8,jcb,292,36.2
01JGJBRJVTCXSXDHN29G50PRQ6,jcb,293,35.97
01JGJBRJVVZYCEWYV24XNSFP3P,laser,294,137.97
01JGJBRJVVMPEMG3VJ2ZRJHSC2,jcb,295,11.78
01JGJBRJVW71PKCY6R1AJ5JT04,visa-electron,296,30.99
01JGJBRJVW46TG7JAMFDSZGA5S,visa,297,431.97
01JGJBRJVX4JFTJTT6VRNG5YHF,diners-club-enroute,298,14.99
01JGJBRJVXFKCNJZGS1EE47X39,jcb,299,142.0
01JGJBRJVY0HPF45SPTCP9NSVA,jcb,300,83.98
01JGJBRJVY362D3T699MXTZ685,jcb,301,19.98
01JGJBRJVZYK9KGKQZTXHETWRT,jcb,302,85.96
01JGJBRJVZFGX0JRKD4X804681,mastercard,303,0.0
01JGJBRJW0PRH4S3HYB5VCS101,jcb,304,49.98
01JGJBRJW06HZSQQ1GVQ442K76,diners-club-carte-blanche,305,6.99
01JGJBRJW0WSVKEPKR82WQH5ZG,jcb,306,399.98
01JGJBRJW10KS8GRCYEN0M022A,jcb,307,56.97
01JGJBRJW1NAQ0N91TMWS52QNF,jcb,308,38.97
01JGJBRJW2ED9TV9KQ2439KV50,jcb,309,85.98
01JGJBRJW291T5QHFZCK0BKW9M,diners-club-enroute,310,16.99
01JGJBRJW3RKVV574R85VQAYR1,americanexpress,311,37.98
01JGJBRJW3JXJXNZSGEWYZHG7R,jcb,312,37.98
01JGJBRJW43Q46SPMJXWWWP2G9,jcb,313,159.98
01JGJBRJW4SFP5TA369QQM6Z4H,maestro,314,37.98
01JGJBRJW53VQJZ55ARNPMVRH4,jcb,315,29.61
01JGJBRJW5BW8X7AA4YSCZ7SNZ,jcb,316,29.97
01JGJBRJW6QQRWS6D102EVMDZH,jcb,317,74.97
01JGJBRJW6JF170DFV6BKGY7NW,jcb,318,35.97
01JGJBRJW7MTRVWGP6WKHBJ6ZW,diners-club-carte-blanche,319,29.97
01JGJBRJW7MTTZAVN2WZT09MTP,jcb,320,89.97
01JGJBRJW8DBWR0FEDDDBFJ0VY,instapayment,321,41.67
01JGJBRJW8JSMT4JG20DZA71T4,maestro,322,35.0
01JGJBRJW9FRPDHED2ED78S5N3,laser,323,27.98
01JGJBRJW92CMMVVP98BGN74ET,diners-club-carte-blanche,324,29.99
01JGJBRJWA8HEE2EC4M1TV365R,jcb,325,18.98
01JGJBRJWAEEGH9NW4NJ4BVJCK,laser,326,150.99
01JGJBRJWBXT6WP7974VDGNE3S,mastercard,327,37.99
01JGJBRJWB9RK118BD57ENE8WF,diners-club-enroute,328,0.0
01JGJBRJWBF51ECWXKW1RY7NBT,americanexpress,329,8.97
01JGJBRJWC9VM81YDC7DEV40F4,mastercard,330,599.98
01JGJBRJWC9BV21JFFBEKV01AA,jcb,331,8.69
01JGJBRJWDNV717GGSC3CPSDH8,jcb,332,11.99
01JGJBRJWDBXREA2BA72YS8TH3,switch,333,449.97
01JGJBRJWE1V95WDWD8180SYFE,jcb,334,1575.0
01JGJBRJWE4K1C1N2VDT65VVB6,jcb,335,27.78
01JGJBRJWEHK2EK9KDBFT0SMZ7,visa,336,17.99
01JGJBRJWFQRAWRDEXSDNEZCR8,bankcard,337,0.0
01JGJBRJWFTS1FT6TXDGSJ914S,switch,338,18.99
01JGJBRJWG8GX9EE42RT7R15TY,maestro,339,148.5
01JGJBRJWGNXSGJ6H9SWA1PMRJ,jcb,340,119.97
01JGJBRJWH25TJ6E6C4SQJKTJZ,jcb,341,22.47
01JGJBRJWHSQ6247HK6HV97BG1,jcb,342,92.97
01JGJBRJWJTZ9QGNKSEYSKXTAF,jcb,343,89.0
01JGJBRJWKRG8QYFTJ1EKFWJ7G,china-unionpay,344,49.98
01JGJBRJWMP4WSVQBRYDM6A4BA,china-unionpay,345,0.0
01JGJBRJWMC92QWJK8KGYSBW79,maestro,346,0.0
01JGJBRJWN82G77YW417YXJF4Q,mastercard,347,11.98
01JGJBRJWNKMN2GDMYPNED8H97,visa,348,19.99
01JGJBRJWNBXXVFX2KY60W5MZR,switch,349,149.97
01JGJBRJWP234W2G1RQD6AT3V7,jcb,350,29.98
01JGJBRJWPCJGF9YNZKPF45TTC,mastercard,351,13.07
01JGJBRJWQPNHMX2YJYG4PCCH9,bankcard,352,7.99
01JGJBRJWQ00B510YNPZKBEEBP,maestro,353,9.97
01JGJBRJWR2MM599GN01HYXDP7,mastercard,354,13.99
01JGJBRJWRTAFD6KNP2E13XMJ7,laser,355,22.15
01JGJBRJWRTKAJAV926D2Y80F9,jcb,356,44.97
01JGJBRJWSGVS94F7J5H7ZXP4E,jcb,357,65.97
01JGJBRJWS1C5H53S8EBDGNBMA,solo,358,25.99
01JGJBRJWTE2XCWRYA67Z9YQ0J,jcb,359,56.6
01JGJBRJWTWTJT3Q8WFAYA2MSM,laser,360,12.66
01JGJBRJWVWF4YWVYZDJ772T3K,jcb,361,14.82
01JGJBRJWV9CJRHVADPSP8AM6T,visa-electron,362,25.94
01JGJBRJWWA48Z3N8YBADZKHQD,jcb,363,29.97
01JGJBRJWXDACCJ1R6J6EEEN7J,jcb,364,356.97
01JGJBRJWYXB69K7BJZA5ZQ56P,jcb,365,19.98
01JGJBRJWZSCB0TSY61SZYQHQX,china-unionpay,366,169.99
01JGJBRJWZGNPMCXGWFMCCCCYT,jcb,367,13.89
01JGJBRJWZAT918Q90HJG64BAX,mastercard,368,20.55
01JGJBRJX0SB30CYHGGX5NTNKG,bankcard,369,31.98
01JGJBRJX0MRSH130JQCJ5GAW0,bankcard,370,0.0
01JGJBRJX16FFHEWADC86F8MS5,jcb,371,47.97
01JGJBRJX12A7F5DS5725PH9E1,jcb,372,330.0
01JGJBRJX27RFF511NNF6B6WR8,jcb,373,60.87
01JGJBRJX2THVZRNMVJN856VWJ,jcb,374,19.98
01JGJBRJX3B7VA3S1AK6YJA5JT,jcb,375,44.95
01JGJBRJX3H73GN9VY1KDPXAZK,switch,376,32.97
01JGJBRJX33Q9TSS1HZCFVDBFR,americanexpress,377,79.78
01JGJBRJX44RNN82JCQ1801R7W,bankcard,378,19.98
01JGJBRJX4TQVRTTR67NWYSPVQ,diners-club-enroute,379,79.98
01JGJBRJX5SPNTRMS862D24P2J,jcb,380,38.13
01JGJBRJX6XEE2TN6F8KAXYA9Q,laser,381,0.0
01JGJBRJX68BQMX316NWV70FEQ,jcb,382,23.98
01JGJBRJX6G089J04MWQFXFZ2Z,jcb,383,299.98
01JGJBRJX7J08Y5PZRYBV2J578,jcb,384,37.47
01JGJBRJX7TQNFXN5SXHGS2Z30,jcb,385,119.67
01JGJBRJX8K7FQQW2BFS0Z60XE,jcb,386,27.0
01JGJBRJX98YJBWT2A985ZC32B,instapayment,387,26.97
01JGJBRJX9K3HHNYRPG2Z45Y0E,jcb,388,41.67
01JGJBRJXA09B3RPE7BVF0DWVT,jcb,389,17.1
01JGJBRJXAXB71NQFM876J9ZC1,jcb,390,688.0
01JGJBRJXB57PH6HQM810NG9YN,mastercard,391,9.99
01JGJBRJXB9TVQJQ6HDDBBD3HJ,bankcard,392,79.98
01JGJBRJXC1PT69TKSPTMZTJFT,mastercard,393,59.97
01JGJBRJXCQYB8PD2G804QG4XH,mastercard,394,32.2
01JGJBRJXD5S1Q840E2RSR9QBD,mastercard,395,25.98
01JGJBRJXDGYCHX2N03WHW53DA,mastercard,396,99.98
01JGJBRJXES77KA1EADASF8JCK,jcb,397,47.85
01JGJBRJXEDCN6V51DRW7S9E0Q,switch,398,53.97
01JGJBRJXF9CRKX1R27BR3CQ8C,switch,399,14.95
01JGJBRJXFZ9NVHAD889DFN967,switch,400,15.99
01JGJBRJXGDRW9JZXSV9B8ZERY,visa-electron,401,59.98
01JGJBRJXGY876FCY7MH3F5KGB,jcb,402,57.98
01JGJBRJXHKRZ2BRJX7NJ2FBN8,visa,403,47.97
01JGJBRJXHB69PFA9TC90BK7EW,bankcard,404,25.99
01JGJBRJXJJDX597TDSYZ4HFF2,mastercard,405,37.98
01JGJBRJXJK5T5XHX5CCV0ZCC2,diners-club-us-ca,406,19.98
01JGJBRJXK130ZXQADSV2T1411,diners-club-international,407,79.99
01JGJBRJXKVYC94E0K4XERT0Z3,bankcard,408,0.0
01JGJBRJXKKTSGNGYKABMDXE6R,switch,409,179.98
01JGJBRJXMSHSKYCBJVJ9V2KR5,visa-electron,410,59.97
01JGJBRJXMF505YVWPYD51S237,bankcard,411,0.0
01JGJBRJXN88P8H23NWV4J4BJ5,jcb,412,32.94
01JGJBRJXN9CGSA1S5KEF8DM9X,visa,413,15.98
01JGJBRJXP04X59YY84J314F8F,solo,414,39.98
01JGJBRJXPCENFPT2W1RVNMCDS,jcb,415,47.98
01JGJBRJXQ6WKCQRD9BEMRZW12,laser,416,56.67
01JGJBRJXRHKA4WS36JZK2M5YY,mastercard,417,9.9
01JGJBRJXR9GTETHPNKNHJS3RA,visa-electron,418,149.97
01JGJBRJXR9KKPQATWMNE1CE4W,jcb,419,494.97
01JGJBRJXSXHZSNC8EHPMBGTP2,jcb,420,0.0
01JGJBRJXSHKBHRF88HNK3TF6F,mastercard,421,25.98
01JGJBRJXTQD4X8XXQVSACK49A,mastercard,422,217.76
01JGJBRJXT68FFJ5HTJK3ZHZ8Z,switch,423,449.97
01JGJBRJXVDQ5TQS19BGJYQWJR,jcb,424,26.49
01JGJBRJXV5QVY8H79XBFKV55P,jcb,425,59.0
01JGJBRJXWJ1S1138X265TWV4S,jcb,426,29.99
01JGJBRJXXM5KM78P6KEA5VRZA,mastercard,427,13.98
01JGJBRJXYGSMZBRCPQK83YGTS,jcb,428,19.98
01JGJBRJXYRH8Y8Y4SCG6392FP,jcb,429,77.97
01JGJBRJXY307FPAWH135WK844,jcb,430,104.85
01JGJBRJXZYFACZ5RRTMKC614N,jcb,431,0.0
01JGJBRJY01MQ5JSDQ4CF40G6K,jcb,432,55.95
01JGJBRJY1T3S3G0QQ2Q1FJHKH,jcb,433,17.38
01JGJBRJY1GWPXXC0XQSB88X1F,switch,434,150.99
01JGJBRJY2Y9BC3JY71CPG6RG1,americanexpress,435,449.97
01JGJBRJY2YE3Y6Z16GCBKAP7Z,maestro,436,12.0
01JGJBRJY3NFRD0S5FY9HWCCGR,jcb,437,39.1
01JGJBRJY344RFHSSC4FEV6A64,switch,438,24.99
01JGJBRJY47H4Q266SK22H4043,jcb,439,29.94
01JGJBRJY4V727P044RNHHWQDB,jcb,440,13.99
01JGJBRJY4E1QAR4EGFQ3MM44K,jcb,441,149.97
01JGJBRJY5GYHHXRSH0RNJ04BJ,jcb,442,59.95
01JGJBRJY5NNAAMJCNDVVMXEVA,diners-club-enroute,443,122.97
01JGJBRJY6Q6MCCB9V9KQCQXYT,visa,444,73.98
01JGJBRJY6Q1V6JD7WN6WAW4NK,switch,445,35.0
01JGJBRJY7F38SVB5MGEPXZH9E,jcb,446,245.99
01JGJBRJY7SSKZ7ZY0M1HP7A2P,americanexpress,447,25.99
01JGJBRJY74GVCTFB6TECAZP17,bankcard,448,20.97
01JGJBRJY8WSD56NVG646YCZYC,jcb,449,64.32
01JGJBRJY8XJHWQJGVQC3EQRP5,mastercard,450,0.0
01JGJBRJY92E473XGHF3TBDF7F,maestro,451,164.67
01JGJBRJY9DBDAV66MAEY7053R,jcb,452,137.97
01JGJBRJYA5NG7TRKDQBXHGHGC,jcb,453,23.99
01JGJBRJYA3SRCXH1E92Y3TMNB,jcb,454,394.87
01JGJBRJYBY5CZDWH5NKPM66HG,jcb,455,23.97
01JGJBRJYBQGS0W07A7S805Z7X,jcb,456,207.98
01JGJBRJYCWWQB3DJ6G5Z22VVM,jcb,457,19.99
01JGJBRJYCK1X87YEBSEX1613G,jcb,458,446.6
01JGJBRJYDM8CFG339RPG5MXDD,americanexpress,459,27.06
01JGJBRJYDHPX1V995WHMZRRW4,americanexpress,460,8.97
01JGJBRJYE0QJ55VSG5A5WHGAP,diners-club-us-ca,461,428.34
01JGJBRJYEE2FVB2V87RNN6MGP,jcb,462,31.9
01JGJBRJYFHCPZ94VE8E0CA805,diners-club-enroute,463,149.97
01JGJBRJYFGJKB0Z300WDZF0ZR,jcb,464,19.99
01JGJBRJYG7CT1GF6A5E1AF91K,jcb,465,9.99
01JGJBRJYH3M2CZK9PNXNADQAV,jcb,466,59.98
01JGJBRJYJSXAJ1FEDC8ZX8VG3,jcb,467,998.0
01JGJBRJYKKSYW54ZYVGM2WTD2,jcb,468,16.99
01JGJBRJYK8R21CB17VEYWWBNF,jcb,469,95.97
01JGJBRJYMX22Y1AQGPRHFANVE,laser,470,0.0
01JGJBRJYN9XTP7PKSJZE80KPC,jcb,471,29.94
01JGJBRJYNDPV4XTNZHM4GDPGF,jcb,472,136.0
01JGJBRJYPTQVM96XWJEEMM3AW,china-unionpay,473,11.99
01JGJBRJYPS7G7X7SSAHC24RMQ,diners-club-carte-blanche,474,53.97
01JGJBRJYQZQ772K2WJFQRSR71,mastercard,475,23.91
01JGJBRJYQW6CPQMSZYEEXVGP2,jcb,476,15.87
01JGJBRJYS2YBKNYDKDSQDH48V,maestro,477,6.99
01JGJBRJYSJXEVK4VTKH4K7NW4,maestro,478,119.55
01JGJBRJYT2P9P1D6MHWBKYDKB,mastercard,479,2304.0
01JGJBRJYVPCK6EA1HBM54QEP8,visa,480,5163.0
01JGJBRJYVCQ124ZM8QBKN5FBV,maestro,481,165.98
01JGJBRJYXX45YXGZ8CKNZAFR1,bankcard,482,214.17
01JGJBRJYXJ0DDNBQ6BXXH5FJ6,maestro,483,68.97
01JGJBRJYY02QXSYN34C1JAQVZ,jcb,484,179.8
01JGJBRJYZB4E5GRBZT0B8V78M,maestro,485,35.99
01JGJBRJZ0RD777388Z7G24636,visa-electron,486,11.99
01JGJBRJZ1R6XM2RSHKKMFMN5M,jcb,487,59.3
01JGJBRJZ19T6B1ZZ1TA3F61GN,visa-electron,488,69.98
01JGJBRJZ24A3GMH3JXEAM0QJH,jcb,489,54.0
01JGJBRJZ3C7FGMNH7YMW2NAME,china-unionpay,490,89.99
01JGJBRJZ3PN53C0B0HC3WRT65,visa-electron,491,39.98
01JGJBRJZ4DENJANHH3PKDG4SH,jcb,492,57.78
01JGJBRJZ54VVE2194PB6NH5MZ,jcb,493,53.1
01JGJBRJZ5AZ8VG2ANDBJQTCQ3,americanexpress,494,39.8
01JGJBRJZ6CK1ZJP7KHRQM52FH,jcb,495,19.5
01JGJBRJZ6V64GTBBDHBHPPVF4,jcb,496,26.16
01JGJBRJZ7ECZQVS4X5H9Q5VGH,china-unionpay,497,17.98
01JGJBRJZ81EVRKFZ6QAX2E8EB,jcb,498,59.22
01JGJBRJZ8YRJ9KVCRVAV45T0B,jcb,499,16.88
01JGJBRJZ9EM8G6YFW039RVQ3E,jcb,500,41.99
01JGJBRJZJRMJ4CFG5H2MDX7YH,jcb,501,55.98
01JGJBRJZMKVCFKCMHQK5BW26H,jcb,502,0.0
01JGJBRJZN34FBRJDXEXGAVYB7,jcb,503,56.67
01JGJBRJZQEVWFS6P0RG4NVVG6,mastercard,504,36.0
01JGJBRJZRNG4TZNNF7EJ7W307,americanexpress,505,13.32
01JGJBRJZSR8NDY7KMHYM37RMV,jcb,506,73.78
01JGJBRJZV17ZFMSYM3QMBK3F8,jcb,507,43.98
01JGJBRJZW4GDSC5J3B9ECQSDD,diners-club-carte-blanche,508,41.99
01JGJBRJZX7MKYCRVBFZ86EBWN,visa-electron,509,77.97
01JGJBRJZZXBJ7T312KV1R4K53,china-unionpay,510,185.9
01JGJBRK00NQW2MWX0AEGVA2S5,jcb,511,23.97
01JGJBRK01DTED9JXNQHEB5F0K,americanexpress,512,16.04
01JGJBRK02JD7ZBJ8RCY8Y0P2Y,jcb,513,44.97
01JGJBRK021RQ6BEAS34R55355,jcb,514,29.97
01JGJBRK033TJ7VCQ20DMH1WF0,jcb,515,53.85
01JGJBRK047D8XS7BS5Q9FKR17,diners-club-enroute,516,16.99
01JGJBRK056VETFTFWTPT90GNY,visa-electron,517,29.99
01JGJBRK06SAEX8E6HBCYHXA9Y,jcb,518,16.12
01JGJBRK07GAAKGSSC38G7XRQQ,laser,519,13.98
01JGJBRK08MJ9R1C6DXPYAXRF8,china-unionpay,520,99.9
01JGJBRK09Y6M0QBA61RYRG6P9,diners-club-carte-blanche,521,80.97
01JGJBRK0AADWHKWPHT6E7C4T7,jcb,522,20.97
01JGJBRK0ADVQXHP73FGFYR4C3,laser,523,56.97
01JGJBRK0BH9N4WDK5WVN1QS8G,maestro,524,6.99
01JGJBRK0BV4WPFMSD66M12Q0Z,jcb,525,19.98
01JGJBRK0CMEHEBQKTWVKQ3CMM,diners-club-enroute,526,6.99
01JGJBRK0DJTPHRTSVRZMCCA8G,mastercard,527,89.97
01JGJBRK0E3DK39APW44R9T36T,visa-electron,528,98.42
01JGJBRK0EB8NDWEX4955SYVSA,jcb,529,13.99
01JGJBRK0FFXEA87T037Y3BPV6,jcb,530,97.98
01JGJBRK0F6K6VR2MP0TNQFZ00,visa,531,118.6
01JGJBRK0GVWST3BX58CSJ9X66,diners-club-us-ca,532,17.18
01JGJBRK0GSFYJD8S45YTESBNC,bankcard,533,389.97
01JGJBRK0HWYDMZ0T1P47M9759,americanexpress,534,119.97
01JGJBRK0J42H9B8WWBBAZH46M,jcb,535,35.98
01JGJBRK0JAHKQXWAGF83VWPJT,diners-club-carte-blanche,536,25.47
01JGJBRK0KR16DS9P5172JD7MK,jcb,537,229.0
01JGJBRK0KGCGDZNDTTW508YZQ,diners-club-carte-blanche,538,39.99
01JGJBRK0MTZ92YD806SCY7CES,americanexpress,539,42.99
01JGJBRK0N45X6EJNS6WCZGHSH,jcb,540,91.47
01JGJBRK0P56Z60EZ8P74E1SNJ,jcb,541,23.98
01JGJBRK0PXBPPEVC8Q52CXZTF,jcb,542,5.99
01JGJBRK0Q2R0GFRFAJ8TXJN9S,jcb,543,2488.86
01JGJBRK0QZJXK3B8CSVN3MY3E,jcb,544,65.97
01JGJBRK0RQ8XMVAK7D70K8G7E,laser,545,23.91
01JGJBRK0RRM4T43GV84VRY6QT,diners-club-enroute,546,76.47
01JGJBRK0SVYPHY0C8PS5P892N,jcb,547,73.98
01JGJBRK0T7S02DF0CGBJ1JKY8,maestro,548,69.1
01JGJBRK0T1XGWJX6J703KBZKW,jcb,549,14.97
01JGJBRK0VZWZ1ZE7NWVMQSE71,jcb,550,143.99
01JGJBRK0VK02BD7SPQND8RGE2,laser,551,74.97
01JGJBRK0WK8MM4TRRCXD0N9V1,jcb,552,24.99
01JGJBRK0X30TS6YZ9WK91MYX8,jcb,553,137.97
01JGJBRK0YKB88YKM0X1MZWPYN,mastercard,554,17.98
01JGJBRK0Z2DJ0FJRVG3MZ2BG5,jcb,555,5.99
01JGJBRK10QPR5N3JKWK3JEBQD,americanexpress,556,0.0
01JGJBRK115R2WPSDGY0Y3RB6D,jcb,557,39.99
01JGJBRK123SSYG0MV7QAYNNV1,maestro,558,11.99
01JGJBRK12Q06CMD0VMFBFPJ33,jcb,559,59.85
01JGJBRK12QP6R8XWA7PW51BXY,jcb,560,37.09
01JGJBRK137FF2DSV9TJXBKA07,jcb,561,38.94
01JGJBRK14EKM1GNHBP2FCVNWT,switch,562,69.0
01JGJBRK14TVZYTJF963P5FG4S,visa-electron,563,17.97
01JGJBRK15P0NCQ2KPKP5E2DMS,visa,564,47.98
01JGJBRK159A8B794JFF9XVDH4,jcb,565,158.4
01JGJBRK16GWP7E63ZJH8GA0V5,jcb,566,119.97
01JGJBRK16QYWY23P9X6AM4NEB,americanexpress,567,0.0
01JGJBRK17D8MXK719VQW5M9PD,mastercard,568,33.98
01JGJBRK18QNVV9CHJDNWGSBZF,jcb,569,84.99
01JGJBRK18HYNTRPGTZJDF0NR0,instapayment,570,59.98
01JGJBRK18V2BAMK6VFZMCB3E2,jcb,571,25.98
01JGJBRK1982WGDJW48VW5P2CD,jcb,572,31.98
01JGJBRK1AA1F3ASMCN0BNWFDX,mastercard,573,44.97
01JGJBRK1AF48B3ANY7BCGBMM8,americanexpress,574,3504.54
01JGJBRK1BAYWSXZSRYND76JA7,jcb,575,13.7
01JGJBRK1B6A99V2A0KHM1520H,solo,576,1095.0
01JGJBRK1CNZNTYYBF61MSP2DP,diners-club-carte-blanche,577,116.64
01JGJBRK1CXYQBM76FV06AK4P8,mastercard,578,86.88
01JGJBRK1DYZWJ6XCEGM3KMDAF,mastercard,579,340.1
01JGJBRK1DKF0C5YEZ6AZ2C6FF,mastercard,580,750.0
01JGJBRK1E4HQB5ENKJ5K9YBZW,jcb,581,105.0
01JGJBRK1E0EBKXANGGP1E4A64,jcb,582,19.98
01JGJBRK1FDQD1CCY1RXYRBCA1,jcb,583,50.94
01JGJBRK1G9F63DHNDGZWZGM3A,visa,584,19.98
01JGJBRK1J2KE1D79F8X1KQP27,jcb,585,19.99
01JGJBRK1KFJ946DPR75E9QHMY,switch,586,13.88
01JGJBRK1MF8AYYFQ9DE13FFYQ,jcb,587,446.6
01JGJBRK1PQZMQQZDZR09AAJRC,switch,588,19.98
01JGJBRK1QF5VS4Y79RMM48FBA,jcb,589,19.5
01JGJBRK1RGJR5HP4CT24VQ28B,bankcard,590,0.0
01JGJBRK1SZY3JCQ8GKWEETYER,jcb,591,15.98
01JGJBRK1TN5JFYT9Z3JM035V5,jcb,592,29.98
01JGJBRK1TSF09NW59S3HPSWXQ,switch,593,6.99
01JGJBRK1V8VC2ZTHZW8FE0CKF,mastercard,594,34.99
01JGJBRK1WNPWZGYZ4397JWSN5,instapayment,595,357.0
01JGJBRK1YTGWZ2YPE5ZF785EQ,diners-club-carte-blanche,596,11.99
01JGJBRK1YX033X7NAEE98CHGS,switch,597,339.98
01JGJBRK1YSMV7E6BXCDMY59X7,jcb,598,1190.0
01JGJBRK1ZSMXJNZYEZDQ3RQCW,mastercard,599,23.97
01JGJBRK1ZWYYHVW304V45YYYZ,jcb,600,71.04
01JGJBRK207P7N9AXYS0GKSD4Y,bankcard,601,59.96
01JGJBRK20HW7FHJ0RR2JDT1J4,visa,602,56.97
01JGJBRK21A4ZXR76NRDAQXB5D,china-unionpay,603,0.0
01JGJBRK217BPBPPWK5SCD07BZ,jcb,604,35.96
01JGJBRK22QHCQ5VV19TXXF9HG,jcb,605,31.18
01JGJBRK2210YBBKN3GJ492P9Y,bankcard,606,20.0
01JGJBRK23C7Z1C1NE3BVTJD40,jcb,607,25.98
01JGJBRK2323GTZXZ479QRKHV4,mastercard,608,25.98
01JGJBRK251X0J4A6WFCVWTF25,instapayment,609,49.99
01JGJBRK25D71QMD5YVS4CEF96,jcb,610,78.48
01JGJBRK2624FHZDES6HWS7XN4,jcb,611,27.96
01JGJBRK26TSG9KGQMEEWNXSA7,china-unionpay,612,39.99
01JGJBRK26FA4ZZGAAWKH2AWPW,maestro,613,7.89
01JGJBRK278Z63EEQRBZDKKF04,jcb,614,59.97
01JGJBRK27PQY2B146SEFGX28V,diners-club-carte-blanche,615,125.97
01JGJBRK28ZHSXN42YQ5RE3B23,jcb,616,47.98
01JGJBRK28BJXABG34DNX8VYZC,jcb,617,37.99
01JGJBRK293K3THXV85PY9NDM5,china-unionpay,618,339.9
01JGJBRK29VC1G2X0E75R2BGJS,diners-club-enroute,619,39.99
01JGJBRK2AKN1PPZQD7G93JPSQ,bankcard,620,28.89
01JGJBRK2AQJZE4WKQEZVHRXF9,jcb,621,31.9
01JGJBRK2B472EFQGFWP0F1VA7,instapayment,622,59.9
01JGJBRK2BR2KGGAEKDJAKFAJ0,jcb,623,109.99
01JGJBRK2C7NP9Y8364DXFFHP7,jcb,624,29.99
01JGJBRK2CDY0W0Z3KKHDA6PKB,jcb,625,17.98
01JGJBRK2DNPP679FWW5EE999H,bankcard,626,23.67
01JGJBRK2DZBJPC3A2MXG8MPMX,jcb,627,39.99
01JGJBRK2EFR5NESEP4EYC01G4,instapayment,628,29.85
01JGJBRK2F6XFB0ENZSGPMRJPG,china-unionpay,629,71.98
01JGJBRK2G1SZ8YV10037PXJP2,jcb,630,146.97
01JGJBRK2HWBRPXXRF6BET8CPN,laser,631,14.97
01JGJBRK2H40J9WQN9ZNM9FN1Z,jcb,632,45.99
01JGJBRK2JRYE67GZ1VQEHTP9R,diners-club-international,633,17.99
01JGJBRK2JXMSSHQN9N7MHMWQS,jcb,634,56.97
01JGJBRK2KSEWBXPEZGQPD7NDT,jcb,635,16.99
01JGJBRK2K913TCYCGV00QD675,mastercard,636,56.97
01JGJBRK2MD4TSRZPKV9X89PDX,instapayment,637,254.97
01JGJBRK2P99NNBYCD4FC5PT97,visa-electron,638,2978.6
01JGJBRK2PD2VQFK67QPPTR7ZF,switch,639,23.97
01JGJBRK2Q8SA4N3AVETT7B9V9,mastercard,640,163.36
01JGJBRK2QXY46BMEZXDRP6G0Q,americanexpress,641,39.69
01JGJBRK2SDYZNTRH1PYRJCGCH,jcb,642,56.97
01JGJBRK2S29SXBJ2RVKE8GY3R,maestro,643,18.8
01JGJBRK2TRHM7AST48QDBQKK1,jcb,644,59.98
01JGJBRK2TF81PG7T0VXXQQ7DF,instapayment,645,59.0
01JGJBRK2VFZZ20N9DNESJMB9P,jcb,646,74.97
01JGJBRK2VBA9FKS9BJ4Q0PY6N,diners-club-enroute,647,9.99
01JGJBRK2W923HG2DTQEAYQGST,jcb,648,299.97
01JGJBRK2WM9ATH3R0G457X53S,solo,649,13.89
01JGJBRK2W9XEMGXK8HWTG4694,americanexpress,650,31.98
01JGJBRK2XAF15TSP5Q9D789KK,visa,651,119.97
01JGJBRK2XNBDV0Y9HZCCKKBRY,maestro,652,109.92
01JGJBRK2YH3AW6KJQE3ZNHA8S,switch,653,9.99
01JGJBRK2YMKM71E1F7R5P81C2,diners-club-carte-blanche,654,17.68
01JGJBRK2ZS666ZZ7DWCYXWXZV,instapayment,655,15.98
01JGJBRK2ZF9Z4ZNJZ8DD1FXK3,switch,656,19.99
01JGJBRK3002B6WC69DYR608MR,jcb,657,10.99
01JGJBRK317FKHBX5KNK6PH06T,jcb,658,47.98
01JGJBRK32WB6WHVD4MESPX1HG,maestro,659,6.99
01JGJBRK32JYCS6GW320H2QF4R,jcb,660,47.85
01JGJBRK33MZHK2EECVXBBZA77,china-unionpay,661,119.97
01JGJBRK33AE713CRYXRJMKYSB,jcb,662,6.99
01JGJBRK341PHW98DKHC7CT8WF,jcb,663,32.55
01JGJBRK35VPGCG5WY2PWV3HM4,jcb,664,27.98
01JGJBRK35TEEXGQF0BWYYFKW9,jcb,665,118.99
01JGJBRK361HE27XR8SZHAZ9ZW,diners-club-carte-blanche,666,128.97
01JGJBRK36Z32EZ2SN32F9NKHZ,diners-club-enroute,667,28.99
01JGJBRK3618Z1ACS9HMD70112,laser,668,47.19
01JGJBRK37VV6G1GPTM0W4662Z,visa,669,16.09
01JGJBRK371KFTBB3VJG3AC254,mastercard,670,19.98
01JGJBRK38K79SN1QEG7P3M6VD,jcb,671,61.96
01JGJBRK38PHAYK3GX3HFA7VCS,maestro,672,81.89
01JGJBRK39V1CGKKYM0T9VSZ28,china-unionpay,673,147.0
01JGJBRK39V3FRM7K0E7RVAG0Y,mastercard,674,389.97
01JGJBRK3A2SPEMEY64RRASQAY,solo,675,9.99
01JGJBRK3ASMC7FHY5492HGWMG,jcb,676,89.97
01JGJBRK3BT69DPN0KN1QDQ2X1,switch,677,15.0
01JGJBRK3BQGGJSBNZJ2Q8MSC6,jcb,678,29.69
01JGJBRK3CV5HY6TN2W7V41C4R,china-unionpay,679,1049.85
01JGJBRK3DY924KWV1Q27D9SDF,jcb,680,33.98
01JGJBRK3DJPR0HJ73CPKDQXDM,mastercard,681,44.91
01JGJBRK3EFP446RPYFF8AS3GV,maestro,682,49.21
01JGJBRK3EK85SPC5R1Q9A3SJK,diners-club-enroute,683,13.89
01JGJBRK3FGD1KZGAFEQ4N417N,jcb,684,14.98
01JGJBRK3F5DQ6V40MT2FYP80C,jcb,685,57.78
01JGJBRK3G7TFHTNBQXAPAEQP5,mastercard,686,29.97
01JGJBRK3GRHWGTT5WYDCS9JRJ,jcb,687,23.99
01JGJBRK3HPNNCJTJ469M8B8C8,jcb,688,31.99
01JGJBRK3J76EFQEPYQ0DK0H4Y,mastercard,689,5.49
01JGJBRK3JPK1M6CV8M60WGVEJ,jcb,690,27.57
01JGJBRK3JXS1CJ9Y53S7KGCSM,diners-club-carte-blanche,691,77.97
01JGJBRK3KQKQ1W4MZ71X9758N,jcb,692,239.97
01JGJBRK3MXNQD305BWAYT6HHK,jcb,693,29.67
01JGJBRK3M5YC0WVVJKEFWSF38,switch,694,26.97
01JGJBRK3MN76740249CR7A5K1,maestro,695,37.98
01JGJBRK3NEGA66KGS9XY5D6S9,maestro,696,69.99
01JGJBRK3N0JJXVRP343N76H9Q,jcb,697,19.98
01JGJBRK3PTE6WWJ2FA6B1W8QB,mastercard,698,40.99
01JGJBRK3PRNZZF0J6NVP307VB,maestro,699,15.94
01JGJBRK3Q8H715SHQHSXWKK1H,diners-club-enroute,700,0.0
01JGJBRK3R62FFJDZY1W59PV9Y,jcb,701,14.99
01JGJBRK3SAGMDCJK5FPVRXYT0,jcb,702,45.98
01JGJBRK3S20088C4EZSY7VEJG,americanexpress,703,20.67
01JGJBRK3TCXWAFZDWCKN43AQX,jcb,704,139.98
01JGJBRK3T3SWSBVYQYZKBBZZG,switch,705,35.98
01JGJBRK3V7G4VX6KF30MGZH15,jcb,706,0.0
01JGJBRK3VAYEX5VCH29JAYSZQ,jcb,707,168.62
01JGJBRK3WFJNGDT96VBXFRWWV,jcb,708,62.01
01JGJBRK3W1VHF93DNHJ4GC0TB,instapayment,709,9.99
01JGJBRK3Y82TT4P957357XV4M,mastercard,710,446.71
01JGJBRK3YK931J8Y0JTCPXSBP,jcb,711,31.98
01JGJBRK3Z2T5RHX012MR8FAZV,diners-club-carte-blanche,712,15.98
01JGJBRK3ZRTPHB6T1CAA1X34A,jcb,713,41.67
01JGJBRK409ZDCKSRNCWRVB6BQ,jcb,714,39.96
01JGJBRK40HS2YCMCSDW2P85CX,jcb,715,428.94
01JGJBRK42H37HH07XQFSQ6FFB,diners-club-carte-blanche,716,54.89
01JGJBRK42CXSEBKD0KJ486WWR,switch,717,31.98
01JGJBRK43M560GCG433XGJGD4,jcb,718,13.98
01JGJBRK43YFTTZ1W84BYYKF3N,diners-club-carte-blanche,719,194.97
01JGJBRK44G4KR5TDDW923J2JQ,bankcard,720,26.97
01JGJBRK46VH77GZHSB0ZDKHTC,jcb,721,56.97
01JGJBRK47GYTFCJ5CPWCNHSWV,jcb,722,29.99
01JGJBRK47GMCDC3VV2P7N8VXT,americanexpress,723,83.85
01JGJBRK48BH8DHD1YHB8SBFRN,diners-club-carte-blanche,724,74.85
01JGJBRK49K431H3PFC3AMMZ98,switch,725,25.99
01JGJBRK4AHQK9ZNT2MG0ZCPW1,maestro,726,21.68
01JGJBRK4B0CHR2SCWHG2SY25B,diners-club-carte-blanche,727,77.97
01JGJBRK4BW271170KQ2DZN4E8,visa-electron,728,19.98
01JGJBRK4CG31BR55AJYQFDZX2,jcb,729,119.97
01JGJBRK4CKCND6059KJ8V23K8,diners-club-us-ca,730,51.98
01JGJBRK4DR6FRSTA1X4YC69C6,mastercard,731,29.99
01JGJBRK4D6977JN7J88Q3431G,jcb,732,11.98
01JGJBRK4ECXS538BJKEX6TY83,jcb,733,11.44
01JGJBRK4E8EP2XF84AYGSHH18,jcb,734,9.99
01JGJBRK4F080NTT0F6WKZDR60,china-unionpay,735,65.57
01JGJBRK4FTPA7YJ9S404TVN2V,bankcard,736,64.99
01JGJBRK4FXH3NM1Z5Y3S75C35,jcb,737,89.9
01JGJBRK4GTHJCFYV8ET6V9H9N,laser,738,72.78
01JGJBRK4GQTBTWT9E1CE9TTXF,diners-club-enroute,739,83.94
01JGJBRK4HY4XDJFR55S33H2AP,jcb,740,110.97
01JGJBRK4H8GRSC1KH2QQDPC5P,mastercard,741,16.99
01JGJBRK4J5FGK9GSTJ25NAGE2,visa-electron,742,6.99
01JGJBRK4JDWHBWCG0T0DPHQAM,jcb,743,229.0
01JGJBRK4KN73NMT4XEQA59ZBD,americanexpress,744,74.97
01JGJBRK4KPZ656TP0STTJ9MAM,jcb,745,39.24
01JGJBRK4M2HV9Z2YBARR1B025,diners-club-carte-blanche,746,66.38
01JGJBRK4M9DVV4E31YWYHZZAW,jcb,747,17.66
01JGJBRK4MQGHTBQQ3CR7HS7X9,jcb,748,119.97
01JGJBRK4P5VZZFEJW3EEGAK0J,jcb,749,31.98
01JGJBRK4Q7CZKQJ79C0Y4A1X6,mastercard,750,15.99
01JGJBRK4QXY6KCQ9HGGN8S62X,jcb,751,17.99
01JGJBRK4R0EH504DKBD7HYEGA,jcb,752,146.97
01JGJBRK4R75MP270Q03HNYZGR,diners-club-enroute,753,31.98
01JGJBRK4RCXD34Y80N7B24165,jcb,754,38.94
01JGJBRK4SQDG219ZX23XV5HN0,jcb,755,26.97
01JGJBRK4SW8D0Q41G9AJNYAJZ,mastercard,756,40.58
01JGJBRK4TX7G4NQFM6TTSD4RN,laser,757,97.98
01JGJBRK4TER7NEVQJ96207D29,laser,758,15.99
01JGJBRK4V589E91YZACY3NCG6,jcb,759,15.6
01JGJBRK4V6E9QW4AG64PBYRYD,visa,760,77.0
01JGJBRK4W5PJX1VS18XQ4XKBM,visa,761,9.99
01JGJBRK4X9K3SJC50DW9R6MRJ,switch,762,9.99
01JGJBRK4X2847Q0P9XWC69STV,jcb,763,43.44
01JGJBRK4Y9HD6Q8777XDWX5XA,jcb,764,19.5
01JGJBRK4Y8MC7KJ416FXTVTED,jcb,765,339.98
01JGJBRK4ZBM4K39B352ZFNRV7,visa-electron,766,47.97
01JGJBRK50AYKD7Z79Z7BQPK0N,jcb,767,92.97
01JGJBRK507R26447H1YF4XRNV,bankcard,768,268.98
01JGJBRK513X4TKT3P35M4RCAR,diners-club-us-ca,769,8.49
01JGJBRK51DCDHYXJMHY0SQCRY,maestro,770,59.96
01JGJBRK52JQ4DEV54ESQ2EC4S,jcb,771,65.97
01JGJBRK52258S259KQ5G1WJ42,switch,772,21.96
01JGJBRK533YYYMKMTS7RVE9EY,solo,773,52.32
01JGJBRK531CWEZ403KEBE9FG9,jcb,774,18.99
01JGJBRK53S6GT6HSRGM4QN3A2,jcb,775,32.95
01JGJBRK545Q5TVEZWE1VSBG76,china-unionpay,776,19.98
01JGJBRK55MQR37WC0TRHRFCHK,jcb,777,79.78
01JGJBRK56JKC3T0DGQD9KKPFB,americanexpress,778,55.98
01JGJBRK56QE0060559WE83PDF,americanexpress,779,57.78
01JGJBRK57ZZB6GN52PS1BKY3P,jcb,780,18.68
01JGJBRK57GH3HC1HXFR4C3A09,laser,781,24.0
01JGJBRK58H5JGPGN8BW77M1QW,jcb,782,25.99
01JGJBRK59Z0ART44JJ4R30FHJ,china-unionpay,783,23.98
01JGJBRK5AXKS245NVR1VJ30Y3,mastercard,784,39.9
01JGJBRK5APWS0NG36CPB4XHMX,diners-club-carte-blanche,785,38.97
01JGJBRK5BPQWXYSC9KC1FE8FJ,china-unionpay,786,38.94
01JGJBRK5BXHNK6FRF9X1M1YV9,diners-club-international,787,77.97
01JGJBRK5C4KQQ8MPCSQR3CQ3A,visa,788,8.88
01JGJBRK5DYGXDYHB8ST0HQ1HP,switch,789,15.98
01JGJBRK5DYNS2E93ZXDHP1AJA,maestro,790,24.99
01JGJBRK5EN5MV7TRGTJBFBA32,americanexpress,791,59.98
01JGJBRK5FK1GWN5KPE8DPJT33,jcb,792,6.66
01JGJBRK5FW2YVFA5NAHB6WQ1X,china-unionpay,793,8.18
01JGJBRK5GP19JKQP3PCECZJ38,jcb,794,59.0
01JGJBRK5G99DQ52QHYB4M1X04,bankcard,795,11.98
01JGJBRK5HRFK7YD63B27QX87D,americanexpress,796,26.07
01JGJBRK5JVG0XXWCTF3QVZ9TQ,china-unionpay,797,1.45
01JGJBRK5JV9DTPNS91GY1P0AZ,visa-electron,798,169.95
01JGJBRK5KG04SK747HMGXQCB8,jcb,799,13.96
01JGJBRK5KFFB1H0Z9TFK63SVR,instapayment,800,27.76
01JGJBRK5MP5MF8Z4QGWWRPHY0,jcb,801,62.97
01JGJBRK5M77J5Y7T5W88HWJSA,jcb,802,38.99
01JGJBRK5NS9WVTCZYH415SNYN,jcb,803,13.18
01JGJBRK5N4AC8PJ5VD00SB6XT,maestro,804,19.99
01JGJBRK5PM92JY82YQZSVB34H,jcb,805,17.98
01JGJBRK5P8Z0QZXB2X40Y63GH,china-unionpay,806,29.99
01JGJBRK5QZ43EJE7YQ1M2KWG3,jcb,807,39.98
01JGJBRK5QVRBBK2DWE4BNQMM3,americanexpress,808,25.98
01JGJBRK5QR5RQRY34GKBRBWYM,switch,809,10.98
01JGJBRK5R0MNVAT1Q5SZH7HR4,instapayment,810,16.96
01JGJBRK5RZQB8HRX5M24JX3HG,diners-club-carte-blanche,811,9.98
01JGJBRK5TK7CCRYRS5QW9NP2B,jcb,812,59.0
01JGJBRK5TNAPT4MPXAYBG1DE4,visa-electron,813,374.31
01JGJBRK5VMTGAQJN1ZG8Z53PW,jcb,814,126.0
01JGJBRK5VRSKANH5RQXDTKGMN,americanexpress,815,28.89
01JGJBRK5V7GQPBZY0K7ZXS4EV,mastercard,816,35.91
01JGJBRK5W7F47HS8497M8E1FT,jcb,817,435.98
01JGJBRK5XS75K29WREMHSK5CC,switch,818,0.0
01JGJBRK5YHX7YB3R7GPWTPQYK,jcb,819,25.98
01JGJBRK5YDMTWT81YQARN5D67,jcb,820,495.0
01JGJBRK5ZTB9F6GYXTGJQNCEV,jcb,821,379.58
01JGJBRK5Z1JDSRCK2YQ4G8W2T,china-unionpay,822,43.98
01JGJBRK60RG16W8W6F1TF79TM,bankcard,823,27.06
01JGJBRK60T8B8SEE3GJ1VMG41,mastercard,824,17.98
01JGJBRK62YVGV20X8AWM626N0,maestro,825,319.98
01JGJBRK62MY1K83SQTE3T4WJ6,mastercard,826,755.82
01JGJBRK63724CXPJF8KZGQT5M,mastercard,827,12.6
01JGJBRK63BCXYGCZ5N1P2PEAJ,bankcard,828,38.13
01JGJBRK64B2CMHC1723QFK79H,maestro,829,107.1
01JGJBRK64FZERT1MFKAFBSCTA,americanexpress,830,21.99
01JGJBRK64J91MK08AM88H9B1C,diners-club-carte-blanche,831,86.88
01JGJBRK654N5PQ6WD2JNYFF5W,china-unionpay,832,65.98
01JGJBRK65TB4S232J6AG5TEE2,mastercard,833,25.98
01JGJBRK6634TAWK6V3AMBT4QG,switch,834,237.98
01JGJBRK663KDFG23JJ64A85NB,jcb,835,23.98
01JGJBRK678K2TXM6E62SAHKFA,visa,836,23.97
01JGJBRK67AX416NZYZAZDYABP,jcb,837,17.97
01JGJBRK685JW9SQNCV6D098FT,jcb,838,34.98
01JGJBRK68JRQ1KABE2BKD752E,mastercard,839,12.94
01JGJBRK69W0XGJWB3RDX5NVG3,jcb,840,79.98
01JGJBRK69BW3SD79ASQTPHEK1,switch,841,15.98
01JGJBRK6A1K6SNVAD4M0FHW2H,diners-club-carte-blanche,842,73.95
01JGJBRK6AGX62PH288QKMV11H,jcb,843,558.41
01JGJBRK6ANKFPSK9NWTPCNJSZ,maestro,844,23.96
01JGJBRK6B7BGKYB8AGD37QXVC,mastercard,845,5.99
01JGJBRK6C9ATZSXSRY9XQRTXY,jcb,846,53.85
01JGJBRK6DJ2C7R2HWN1N7D95A,laser,847,179.98
01JGJBRK6DKYXRTKFB168JVHBF,switch,848,71.97
01JGJBRK6E7RF68CBDGCAXFTJS,visa-electron,849,379.58
01JGJBRK6EFZHG1S7V30ZFKN5Q,mastercard,850,39.99
01JGJBRK6FQW20QE3GJBM04G70,visa-electron,851,0.0
01JGJBRK6FW5HH7C5DZCMBNQ8G,jcb,852,35.98
01JGJBRK6FCB53MT8Z2MNV9NQ1,jcb,853,59.97
01JGJBRK6G3JEX8ACHR6R0C7DE,visa,854,39.99
01JGJBRK6GS5GMMS10PBB1EJPM,visa-electron,855,30.0
01JGJBRK6HRFMK21R440DSXQ8A,jcb,856,31.98
01JGJBRK6HH01DYKZHN16VV2S1,mastercard,857,149.97
01JGJBRK6JJJ2SEGZH59PMXWKT,bankcard,858,51.5
01JGJBRK6JF6EYVJ6X8CQAKZGP,visa-electron,859,17.46
01JGJBRK6KNQFBFQ8Y6PZDXKAS,jcb,860,61.98
01JGJBRK6KXKZ4JXBWDVV6JTPC,diners-club-carte-blanche,861,12.98
01JGJBRK6M760FJBFM07A9PQPY,jcb,862,77.97
01JGJBRK6MADDVT52VND8JGZWM,visa,863,19.98
01JGJBRK6NVC2892AGZTS3PYBC,jcb,864,39.69
01JGJBRK6N2EQVBW3C3G5YG0XM,jcb,865,28.99
01JGJBRK6P6SS2EK44855TDY75,maestro,866,53.97
01JGJBRK6PYSZ26H2J092NAQRQ,jcb,867,71.97
01JGJBRK6QDQ5EG1E47XGSZXMV,diners-club-enroute,868,49.98
01JGJBRK6R1X08DBZGT9XYXB5P,bankcard,869,83.96
01JGJBRK6S2ZW1G9S6SRF5PQC5,americanexpress,870,81.4
01JGJBRK6SZ85JZMSQNDBJ7FGF,china-unionpay,871,0.0
01JGJBRK6TB8M522H3TYY1GX3M,maestro,872,28.2
01JGJBRK6TF9ZXAJPMQ2KH30KZ,jcb,873,29.99
01JGJBRK6VHX127DNSQ2F335KK,solo,874,26.91
01JGJBRK6WESS7S130BSS5EPYV,jcb,875,73.9
01JGJBRK6WNVZQMMY7ZYH594N7,jcb,876,89.97
01JGJBRK6X4HJT8YBR2RRSCRKH,jcb,877,115.5
01JGJBRK6YM2WR5HD2432H7CHQ,laser,878,29.48
01JGJBRK6YA2AGZAM0KA1FPMSW,jcb,879,163.78
01JGJBRK6Y8XXVX3G6GB1RXY5P,jcb,880,12.99
01JGJBRK6Z77X9PM26B2ZTFN85,jcb,881,26.99
01JGJBRK6ZTE09QYXAZE4CB6CT,jcb,882,199.99
01JGJBRK70P8NY11NQWCBHZ5F8,switch,883,92.97
01JGJBRK70AM1SM23N7MD8JDYE,jcb,884,35.98
01JGJBRK71F8XTBC7GCQ9PV3ZV,jcb,885,86.97
01JGJBRK718WJFEPV2XSE5BYFX,jcb,886,29.98
01JGJBRK723RFFJ4BGB77NAPHQ,visa,887,115.42
01JGJBRK72H40E2KG5GYRNRKFJ,laser,888,253.14
01JGJBRK735CX2S72508GNHHN4,jcb,889,134.85
01JGJBRK739WC848X0X5W17EDW,diners-club-enroute,890,0.0
01JGJBRK742Y2M7JTH439MM900,jcb,891,99.98
01JGJBRK75BAA3KXAJ0ZPS6ZW9,jcb,892,26.14
01JGJBRK76BQ767S8K9GDN4BA2,visa-electron,893,449.97
01JGJBRK776NYG6SGQ1EQB67Z2,mastercard,894,88.14
01JGJBRK785K46SC8M4JX4JWQD,jcb,895,70.0
01JGJBRK78X6GCMBNYBFEJQVWC,maestro,896,375.69
01JGJBRK793W3AE4K4G1EQBR52,jcb,897,39.98
01JGJBRK7A3KNFE6TVJHY6ZV7J,jcb,898,0.0
01JGJBRK7B246GBTCGNZ6289QV,jcb,899,38.97
01JGJBRK7CEXXAJ947Z8125KK0,laser,900,37.85
01JGJBRK7C7HSCNKDZNSVQRZ4N,visa-electron,901,43.44
01JGJBRK7DTCR70GJN7RF0GAFR,jcb,902,24.99
01JGJBRK7D9F6T66658SQ1REJK,diners-club-international,903,15.99
01JGJBRK7EDC4ZBM9YMW569EPM,mastercard,904,19.99
01JGJBRK7E31GNRC6NMG1Y8G0T,bankcard,905,7.99
01JGJBRK7ENEBRMK5XBKCA6Z46,jcb,906,47.97
01JGJBRK7FDJK5Y63WGGXAR6E2,jcb,907,62.97
01JGJBRK7F4F8FZBS5KMZGZ5E5,jcb,908,107.36
01JGJBRK7GW2NAGP3G54ZNMDV5,visa,909,128.97
01JGJBRK7HT80NT6FY2WEQNQAX,diners-club-enroute,910,106.95
01JGJBRK7H4S173PJ1KFASD5NB,jcb,911,119.97
01JGJBRK7JRSQHWRBDNM80FZ8M,jcb,912,40.99
01JGJBRK7JXA07XRNJSTBHXVH4,jcb,913,19.99
01JGJBRK7JST3J84NRQGEDK9ZZ,jcb,914,237.6
01JGJBRK7KS6M7Y0G5BNS5HVDP,china-unionpay,915,19.99
01JGJBRK7KYYBZNBKSCPNGHPD8,switch,916,58.21
01JGJBRK7MWXFFCPFSYTG1BWZT,mastercard,917,299.0
01JGJBRK7M339JS8S9R1E52M0N,laser,918,9.99
01JGJBRK7NK932C247R3BKBF4G,jcb,919,13.07
01JGJBRK7P6BXHB4E9GVA8966Q,diners-club-enroute,920,38.97
01JGJBRK7PZHYB5FX9PRKK8HVA,jcb,921,29.99
01JGJBRK7QGDD22APNG6K52H6S,diners-club-enroute,922,107.1
01JGJBRK7QFPK3848BXW3AJBC1,jcb,923,19.92
01JGJBRK7R6GW1XZEYKTM12357,jcb,924,41.67
01JGJBRK7RQTZG7DEGNH693QHN,jcb,925,59.97
01JGJBRK7SCP1C1G3JKXKV41DM,switch,926,83.97
01JGJBRK7TCAJD48HBPJJX442C,americanexpress,927,30.0
01JGJBRK7VYVQMNG1H2VFEDDRD,jcb,928,128.97
01JGJBRK7VGP02CF5JYFFD4ZBJ,visa-electron,929,47.97
01JGJBRK7VFQ8V7QV0F7HM9BMT,jcb,930,17.2
01JGJBRK7W87AQ3BN3Y2RQ86Z3,maestro,931,59.97
01JGJBRK7WX97EFZWQ5QP77798,instapayment,932,112.47
01JGJBRK7XH7G50BDAPBYQCNYY,jcb,933,69.98
01JGJBRK7YPEGFRZXCK2JGJ4SX,jcb,934,59.97
01JGJBRK7YWYEEC7B179M56PJ9,jcb,935,0.0
01JGJBRK7ZX73KP62A6BEE0EM1,jcb,936,25.8
01JGJBRK7Z3FM9NH6QG4TZPH87,jcb,937,70.0
01JGJBRK7ZRJ09A6KEANBJCZ74,jcb,938,41.94
01JGJBRK803CD7N76AZVN3Y0RB,jcb,939,20.9
01JGJBRK802GDT6G0ECEAW37S3,diners-club-carte-blanche,940,23.97
01JGJBRK81PJ7P51QJEQAFECPC,instapayment,941,91.0
01JGJBRK829TJ55HGZH3KRCWFC,jcb,942,15.99
01JGJBRK83DD4B5Y773QSMW0WX,visa-electron,943,15.98
01JGJBRK83N506DK5CJMDGEDD6,jcb,944,61.98
01JGJBRK84Y0XPDFBS2C71JA0J,visa,945,4.99
01JGJBRK858BAAQ7MX8C2AYGYV,jcb,946,149.97
01JGJBRK86Y52A65FSMPQXP7DA,jcb,947,17.96
01JGJBRK865C0EQD0MZ5KP4NCN,jcb,948,1425.16
01JGJBRK863QH80XQY7A875ZX4,laser,949,7.99
01JGJBRK870R3VP5DN5R9B99X8,jcb,950,79.98
01JGJBRK87595Q22RMNTNWH862,jcb,951,35.67
01JGJBRK881YF0JJ08WH8TEEWN,mastercard,952,23.98
01JGJBRK881E7PTW3K000WRKSF,jcb,953,98.85
01JGJBRK896QJQH6BMV8NEBDY5,maestro,954,32.95
01JGJBRK898YWHFRBYTRJHV3NH,visa-electron,955,7.8
01JGJBRK89AAB7XNF1GYD2NA31,jcb,956,51.98
01JGJBRK8AFH6MEFQZ2SXJFJTK,jcb,957,2978.6
01JGJBRK8AKKTZF0G6BS7XPNPA,jcb,958,15.99
01JGJBRK8BK2YP43FWXBYQ78A9,jcb,959,29.94
01JGJBRK8B2S04YRFZWCHZAAGP,jcb,960,12.8
01JGJBRK8CK9KF1DE4BG5DVENM,diners-club-enroute,961,50.97
01JGJBRK8CRSAP9YNZH4BZRY5Q,diners-club-carte-blanche,962,57.98
01JGJBRK8CGT29YZV36M5PZNFF,jcb,963,13.39
01JGJBRK8DE2SHH2X081WJHPVX,maestro,964,24.99
01JGJBRK8EJWBVYQDE50B2BXCV,switch,965,7.99
01JGJBRK8FR0X13YJFMM903YR8,diners-club-carte-blanche,966,35.91
01JGJBRK8FZ6M3ZT69NR4MJ42Z,jcb,967,65.9
01JGJBRK8GQ8ZX3TEZRCJS95TC,laser,968,45.75
01JGJBRK8GT6GRK1V3E5G6AA67,jcb,969,69.99
01JGJBRK8HX1AWKD471QWC5H4R,americanexpress,970,24.59
01JGJBRK8JZEMC99HW5YX24588,diners-club-enroute,971,9.99
01JGJBRK8KMKV0GKQY2D602P0W,americanexpress,972,6.89
01JGJBRK8M4J9BQ9KXSS6YWFWJ,americanexpress,973,180.0
01JGJBRK8NW1B23E9ZXGWYP59V,jcb,974,19.47
01JGJBRK8P872DVT1JN3C6X13G,diners-club-carte-blanche,975,0.0
01JGJBRK8PWHEPGY5FPN932D00,diners-club-carte-blanche,976,15.98
01JGJBRK8P62DN0YRY6S56ERYQ,jcb,977,59.96
01JGJBRK8QQHDV9KT96JWEYD30,jcb,978,24.08
01JGJBRK8RKB722MBH3GSBTSCH,jcb,979,56.97
01JGJBRK8SYEA3Y531Q97ZKTRB,jcb,980,29.88
01JGJBRK8S04MKKXFC193ZSQCB,bankcard,981,32.18
01JGJBRK8T8FQXHVTZ570SF013,jcb,982,4.99
01JGJBRK8TZHFVBY9ZFSZV1RXB,jcb,983,13.99
01JGJBRK8V6097XES8WQQSWSM2,jcb,984,248.97
01JGJBRK8V9TM85GTTQKTXEXK2,jcb,985,116.73
01JGJBRK8W7X4Q517T9ME28N24,visa-electron,986,33.98
01JGJBRK8XGN9FAY2PW9XR69V3,bankcard,987,9.97
01JGJBRK8XVH68XH13R8R9PYPZ,diners-club-us-ca,988,9.37
01JGJBRK8YJR54VKDX2WQP4Z26,visa,989,70.0
01JGJBRK8YCS6K6ZEJTESABFPZ,jcb,990,35.9
01JGJBRK8Z75PRAAWKA6B9D77V,jcb,991,79.98
01JGJBRK8Z4B41935Y1F9TJWBD,diners-club-enroute,992,389.97
01JGJBRK902NGVMWE7FEPK3V1A,jcb,993,56.97
01JGJBRK91NXPK5GZNW3ZAY27R,jcb,994,35.99
01JGJBRK91EAVJBQS3FAWSRC1S,diners-club-carte-blanche,995,8.99
01JGJBRK92VV1F755DWNBGHEN7,jcb,996,9.99
01JGJBRK92Q6S4JCD4PNXN9ZM3,visa-electron,997,29.94
01JGJBRK93E0MPHD3RSXMTWYQN,maestro,998,39.99
01JGJBRK93ZQ96H1STH7SBHYRZ,laser,999,29.99
01JGJBRK94GWPPNTBZ7W0HGTF8,jcb,1000,8.69
01JGJBRVYZSAV5XCNK0A7JM8DH,solo,1001,29.97
01JGJBRVZ0BXX7JD26Y5ABN9S1,bankcard,1002,128.97
01JGJBRVZ0S53M5BC4C8EBS2S6,jcb,1003,31.98
01JGJBRVZ1W5SBEPZSJDRD3VFX,jcb,1004,13.8
01JGJBRVZ2KX9NJ5BCYFM673W4,americanexpress,1005,74.85
01JGJBRVZ2EPA7X758J710HGW4,jcb,1006,13.59
01JGJBRVZ39PFAMK0RPGEM37T0,mastercard,1007,41.97
01JGJBRVZ3RC4MJGZBH4PJMA4B,mastercard,1008,396.0
01JGJBRVZ4AMCGKHWXAJ2MSNX7,solo,1009,14.97
01JGJBRVZ407VM33FQ4CVFAB35,jcb,1010,29.97
01JGJBRVZ5695R48ZCK6VYJQ2K,jcb,1011,13.59
01JGJBRVZ55KJJZG0QDW1S5GT2,jcb,1012,19.98
01JGJBRVZ5D4CVTM2PYF7BF5NQ,instapayment,1013,37.55
01JGJBRVZ6B0BNG6CPV8ZHYHR9,jcb,1014,59.97
01JGJBRVZ69S5ZNCPSNP70NNB0,jcb,1015,39.99
01JGJBRVZ7814ND06PVW7PZ76A,jcb,1016,19.54
01JGJBRVZ77W1PDEMD10H0ZFJW,jcb,1017,17.8
01JGJBRVZ8DT4VE107A1BBY9V0,jcb,1018,19.5
01JGJBRVZ8PX8XHF6A0Z7ESMB6,jcb,1019,42.99
01JGJBRVZ9JPGCNHDW8XPRVDWE,bankcard,1020,65.97
01JGJBRVZ9NCKG66096F88YR5N,maestro,1021,109.78
01JGJBRVZ9MJTWEKWND7KQVCVP,jcb,1022,605.06
01JGJBRVZAM3G5M7FKTNA4RJ0K,jcb,1023,5.99
01JGJBRVZBAYA2TV37CVMM2SSY,laser,1024,86.85
01JGJBRVZCT8SF57VDXBJ1HGZF,switch,1025,37.49
01JGJBRVZCX55ZGRWNVXK9E8WC,americanexpress,1026,33.9
01JGJBRVZD29KZH4TVN8J27B10,jcb,1027,27.0
01JGJBRVZE4QJJBY6C0M6EW7E2,china-unionpay,1028,142.0
01JGJBRVZEDYCCMZ8TF5GH0DWJ,jcb,1029,13.98
01JGJBRVZFYMT32NK052EVG7D8,mastercard,1030,68.0
01JGJBRVZF6568N73B19T9ZQDE,jcb,1031,30.99
01JGJBRVZF06EB0R56Y8AH1YFC,diners-club-carte-blanche,1032,176.7
01JGJBRVZGKRZYY7JHHJ3BR8DF,mastercard,1033,24.54
01JGJBRVZG9MDJTM1K69YJQCQJ,jcb,1034,30.31
01JGJBRVZHXBTHGWX1JHZEM2VT,jcb,1035,196.77
01JGJBRVZHHXSMJAVDH8D2WS4C,jcb,1036,53.97
01JGJBRVZHC0YBSAW0HK0TM4YJ,switch,1037,119.97
01JGJBRVZJZAYV4BBMVKAVEKQ3,instapayment,1038,138.0
01JGJBRVZJ4CZHKZWCBNJGYB58,jcb,1039,32.97
01JGJBRVZKEXN3X7RKB41SPH2E,mastercard,1040,31.98
01JGJBRVZKK5ZAM9G8RR7NBWV0,instapayment,1041,6.64
01JGJBRVZMT4C0M68BCKMW79ES,mastercard,1042,7.99
01JGJBRVZMW9MRHNMRBRYZ5HTK,jcb,1043,149.97
01JGJBRVZMC62EFVBFADTEKDK4,diners-club-enroute,1044,13.7
01JGJBRVZNBCGATRTWCNH7BNKA,jcb,1045,237.98
01JGJBRVZPYTTSRZTZQ4J7S17W,diners-club-enroute,1046,4.97
01JGJBRVZP2QD5SS094MJZ11PG,instapayment,1047,97.98
01JGJBRVZQHR6TD8YMB97A11EH,bankcard,1048,35.0
01JGJBRVZQ4QBE9JH53J1WCWMA,jcb,1049,112.65
01JGJBRVZQ95633RYRD1MZGJJ3,jcb,1050,0.0
01JGJBRVZRN01MXBAKD39XRS5W,diners-club-carte-blanche,1051,11.88
01JGJBRVZR8YF2B9V1Y6EB2RKX,jcb,1052,79.98
01JGJBRVZSNP7F690JNCNSVCR9,instapayment,1053,13.99
01JGJBRVZS5RVNFCY5V6MSWD4F,instapayment,1054,29.97
01JGJBRVZTB6B9BMNDVYTMNTTM,mastercard,1055,21.98
01JGJBRVZTSAP73SS6W6ZVC0AE,visa-electron,1056,39.98
01JGJBRVZV93GNDMFKNEJ5D5VX,visa-electron,1057,179.98
01JGJBRVZVHB6Z9EPJ3KBM936S,maestro,1058,237.36
01JGJBRVZVT57RB7SXE37G4NF3,americanexpress,1059,27.48
01JGJBRVZW4JV8GKCE2PB2AX0R,china-unionpay,1060,41.67
01JGJBRVZW0PN0Q1R2TW78ECS0,jcb,1061,174.63
01JGJBRVZX7HG4T26FB047NYJT,jcb,1062,12.59
01JGJBRVZY38SME4K8GZ12Q27H,jcb,1063,68.97
01JGJBRVZZGG784Q5NZEZRT43B,diners-club-enroute,1064,13.96
01JGJBRVZZZZ4KFJEYM3D3HEN3,jcb,1065,126.0
01JGJBRW01QHNMQJ6V8SAHAYZR,diners-club-carte-blanche,1066,114.4
01JGJBRW01N79ZRSXBW0PQE7AW,jcb,1067,73.34
01JGJBRW026KACTZEG003XKN4A,maestro,1068,91.2
01JGJBRW02MM2TZX0KB00EMB9T,maestro,1069,31.98
01JGJBRW02CZ17A91A3JYRBEJ4,jcb,1070,24.99
01JGJBRW03TP0WDQ0S3PQH0VTW,visa-electron,1071,0.0
01JGJBRW03KMPENYQFRYJYDBJK,mastercard,1072,15.98
01JGJBRW04F0FGB6GKNQX9W5VD,switch,1073,109.54
01JGJBRW041WYDYHEE1EQ5SVS8,switch,1074,19.99
01JGJBRW052J18XWFMPN0KMJ17,jcb,1075,53.85
01JGJBRW0543D7KGGBS04M9JV2,maestro,1076,49.95
01JGJBRW06DMVP1Y6HZDEVW21A,laser,1077,15.98
01JGJBRW06NCF1H3BQK0GF3331,mastercard,1078,83.96
01JGJBRW07VE69ZWSE3A9XDEY4,americanexpress,1079,41.97
01JGJBRW07H40M2CDBX5CAJF5M,diners-club-international,1080,2.33
01JGJBRW088AKQ925MSCT3R3MY,jcb,1081,44.97
01JGJBRW082XBQT88ME5FP73PF,mastercard,1082,77.76
01JGJBRW09HANZZTT8D04V41Q1,americanexpress,1083,4.99
01JGJBRW099R9TP1KQ4G8SJ5XE,jcb,1084,199.98
01JGJBRW0A991ZJG318HSP04TA,bankcard,1085,23.97
01JGJBRW0AYJCCZGXV5W4HHTDH,jcb,1086,67.0
01JGJBRW0A6BC26PTYY07Y22S4,visa,1087,251.94
01JGJBRW0B5CVJ4NBKHM9ZN1A0,jcb,1088,17.2
01JGJBRW0BZMEE2W51GGKJ686M,americanexpress,1089,14.97
01JGJBRW0CJWNYFR3MAX4VHXS9,jcb,1090,24.0
01JGJBRW0CGZY190YTDQYVER31,bankcard,1091,21.98
01JGJBRW0DW0PMB0PFXZR8KS1C,jcb,1092,95.55
01JGJBRW0DRD3XMXSV5K2QA7S8,jcb,1093,47.97
01JGJBRW0EB0VQY6934ZY541XS,diners-club-enroute,1094,36.98
01JGJBRW0EFNMVPP3TEH9PMDZN,solo,1095,21.27
01JGJBRW0EQ2ZQNP9MV41YPZZ2,switch,1096,22.89
01JGJBRW0FA57RS19SPP7BSHEC,jcb,1097,31.9
01JGJBRW0FWR54FHFHBF398E4Y,jcb,1098,59.97
01JGJBRW0G81DDSSAR2BDFW9CQ,jcb,1099,44.5
01JGJBRW0J74RKZV8A75SAPA5H,jcb,1100,29.99
01JGJBRW0KB5K56B2KF856HGCZ,china-unionpay,1101,12.89
01JGJBRW0KPRPWZHBTP085QNTB,jcb,1102,38.97
01JGJBRW0MPKWJ4KFYPKC3HYGX,switch,1103,33.76
01JGJBRW0M3AP22QHAE7SZEZEN,jcb,1104,34.99
01JGJBRW0MGRP2KF4Q9NTR7697,china-unionpay,1105,23.99
01JGJBRW0NZKPTZV5NBGHEGJ19,diners-club-carte-blanche,1106,19.98
01JGJBRW0PHXC8S9J2CNK3NV7Q,jcb,1107,12.99
01JGJBRW0QGJ8RFRJFHF3P0VTS,jcb,1108,15.62
01JGJBRW0Q70MJJY060H7S73WM,laser,1109,19.99
01JGJBRW0RBBQ9Z9FZ1EH39TPV,solo,1110,17.99
01JGJBRW0R26J7Y5JD6MEZMS73,bankcard,1111,69.98
01JGJBRW0SK88837746YR63CWY,jcb,1112,642.51
01JGJBRW0T683057QV9JCZEJ5J,jcb,1113,825.0
01JGJBRW0TNVNDW2X71B8MZ9ME,jcb,1114,39.99
01JGJBRW0T87AK0KSASZ0CWD2T,jcb,1115,49.98
01JGJBRW0VTT3Q3AXYJSMAZ9XW,americanexpress,1116,19.94
01JGJBRW0VM9B22R15K7AKHXP5,mastercard,1117,71.97
01JGJBRW0WE0J6MAEHSQCCMWRV,mastercard,1118,89.97
01JGJBRW0WTR7J67KBVQX2D8QR,visa-electron,1119,8.99
01JGJBRW0WF0HB7NXM70B9F56F,mastercard,1120,61.98
01JGJBRW0XWR969M13QGCBKH46,switch,1121,50.0
01JGJBRW0YQ930WEQD42YZM4BF,jcb,1122,33.98
01JGJBRW0Y92X5RB7PYFRHHG4Y,jcb,1123,179.97
01JGJBRW0ZNVG3FA2EXYJRRQ49,bankcard,1124,11.99
01JGJBRW0ZN5PN698FR07A758G,jcb,1125,18.99
01JGJBRW10CKZTEYQVWFBXTAT9,jcb,1126,59.97
01JGJBRW10WV3SJVEH1JHSA10R,jcb,1127,19.98
01JGJBRW11CGXQ5Q7SADFH9HGC,mastercard,1128,58.86
01JGJBRW11H3Z2GDQNB1QKC3MT,jcb,1129,36.99
01JGJBRW122F6SBV0Q80RSB1SY,jcb,1130,74.26
01JGJBRW12ZYQWWYB211NZZDTP,jcb,1131,89.9
01JGJBRW13CRW30RDV7EDT0WP1,china-unionpay,1132,26.97
01JGJBRW13GR8YKPS7XMZHAZJX,china-unionpay,1133,29.96
01JGJBRW146DNQFSKFG951X3CS,jcb,1134,129.99
01JGJBRW14C7CBQMC4PCKG52F9,jcb,1135,27.78
01JGJBRW14142JAXW0RBH2Q996,bankcard,1136,37.98
01JGJBRW1586CDWYZKXXBPTPK0,jcb,1137,17.96
01JGJBRW1570KBFV4MNXQHGMV6,switch,1138,25.98
01JGJBRW169JJVNYVJYRA8DAJT,laser,1139,68.97
01JGJBRW17DXDRM1VMRMF0DX44,maestro,1140,19.99
01JGJBRW18EQQC8S2643AZXH1F,jcb,1141,149.99
01JGJBRW1899SJ2J415BF1S6SM,jcb,1142,32.99
01JGJBRW191RKS9JAB3RK11V5H,china-unionpay,1143,89.97
01JGJBRW19E59S4VXV3WA8B23Z,visa-electron,1144,24.99
01JGJBRW191Y0G9R250QC3BSS8,solo,1145,44.3
01JGJBRW1AA621FWMPBAC6K1EK,jcb,1146,219.99
01JGJBRW1ADG9P84D2SSS17EXE,jcb,1147,99.98
01JGJBRW1BCRCJSN01PEV6V7M9,mastercard,1148,878.0
01JGJBRW1CMA4T2RF1T68KQ333,visa-electron,1149,11.94
01JGJBRW1CAEA129T1ZXYWCX5T,jcb,1150,343.47
01JGJBRW1CNE62ASRVV6N8PRTK,diners-club-us-ca,1151,8.6
01JGJBRW1DANR1J1F83F61QNZM,jcb,1152,32.85
01JGJBRW1DFVS8BZKGAD78MPRJ,jcb,1153,25.98
01JGJBRW1EVQN0DBP0PX0007EG,diners-club-enroute,1154,29.5
01JGJBRW1EZYKB1JFE2EBK1ZM6,maestro,1155,47.97
01JGJBRW1F3Y86CQ8Q654RVNKY,jcb,1156,28.47
01JGJBRW1FSXDB8X6KGDY10KS7,americanexpress,1157,0.0
01JGJBRW1G93EATBQC07D3BCMW,jcb,1158,23.98
01JGJBRW1G9Y7YAF9GT4PZZC0R,jcb,1159,77.82
01JGJBRW1HERGE3AGKMPNNSKB4,switch,1160,12.99
01JGJBRW1JGCSBNEKY238MPGZ3,jcb,1161,41.97
01JGJBRW1JGJAW7HBH7R55V8FV,jcb,1162,97.98
01JGJBRW1KJVEVKSR1ZNQ09YQY,maestro,1163,119.97
01JGJBRW1KREPFFB1EE9M13CQ4,mastercard,1164,25.98
01JGJBRW1KYE0GT9JMQPB1T4YX,switch,1165,46.77
01JGJBRW1MTKG3P8JFKGGA8PSQ,maestro,1166,35.98
01JGJBRW1MJ7QSZKCPCFYK4ATV,visa-electron,1167,27.81
01JGJBRW1NR6QFDTW3R7KM9MVH,mastercard,1168,27.98
01JGJBRW1PTDH417N0FH4DF48V,jcb,1169,15.9
01JGJBRW1QCT2NSDSNN2CE382V,jcb,1170,24.99
01JGJBRW1Q19M7CMPVDA66RDH2,jcb,1171,789.74
01JGJBRW1RW948QYFZC25P9AKG,jcb,1172,29.98
01JGJBRW1RHYZBVB30H38CMBAP,jcb,1173,59.7
01JGJBRW1RXG2WZ5YK67DMKDC6,jcb,1174,95.97
01JGJBRW1SX5S2JXDM9QEH8BSR,maestro,1175,5.99
01JGJBRW1TNEB483PFHS22HGR2,mastercard,1176,301.98
01JGJBRW1V41QQV7GVYJZYTS61,jcb,1177,25.98
01JGJBRW1WW9DX00V7D6DR22RQ,mastercard,1178,169.96
01JGJBRW1W28WM31NWY4ZZQ3KP,visa-electron,1179,29.98
01JGJBRW1XFVXA93S3TGWN5SFP,jcb,1180,16.09
01JGJBRW1XRWPD3FN4G801NY52,americanexpress,1181,9.88
01JGJBRW1YNJMAQ0A137VCHZKX,jcb,1182,63.48
01JGJBRW1YDMY8VJSAQP0SG71E,bankcard,1183,24.95
01JGJBRW1YJ9C65PZDKCJ3MZE7,diners-club-enroute,1184,115.0
01JGJBRW1ZPTRV33XMRYMKV1AZ,jcb,1185,29.97
01JGJBRW1ZQT0GW09MA1GD3BEE,mastercard,1186,82.99
01JGJBRW20R6D23TQ9CQA09GDH,diners-club-enroute,1187,1471.8
01JGJBRW20HYW1WBTFRWEZQEBH,switch,1188,18.88
01JGJBRW211GSV2WJZJ41QTMZ1,jcb,1189,149.99
01JGJBRW21R425AY903H2HEFHF,jcb,1190,71.98
01JGJBRW227J5ZE19NJVXBD1R5,jcb,1191,31.98
01JGJBRW22J9VB6X9819F7R9T6,laser,1192,8.99
01JGJBRW22F599SNA344MBFGG6,jcb,1193,15.98
01JGJBRW23WQQ17Q46QHYPJMGH,americanexpress,1194,56.97
01JGJBRW23230TFR35FP0JME91,jcb,1195,25.99
01JGJBRW24HAD9A2QY9NFEGXXE,china-unionpay,1196,47.97
01JGJBRW25QXXPDSEQ8AKV7R2E,jcb,1197,0.0
01JGJBRW250DACXXPZ0NEBMX50,jcb,1198,37.13
01JGJBRW267MCR2G5J30EVMRTA,jcb,1199,28.99
01JGJBRW26HMWF2A494BKHZFZN,jcb,1200,89.99
